"TypeId","DisplayName","Rarity","ResourceDirectory","DamageType","DamageTypeSource","MaxHitPoints","Attack","Defense","MagicResistance","AttackIntervalSeconds","EffectiveAttackIntervalSeconds","MoveSpeedMetresPerSecond","LifeDeduct","RawMedianDps","WinsorizedMedianDps","RawMedianTtdSeconds","WinsorizedMedianTtdSeconds","OutputReference","DefenseReference","PanelPower","PanelModelStatus","AbilityModelKind","OutputScenarioLow","OutputScenarioMain","OutputScenarioHigh","DefenseScenarioMain","EquivalentEntityContributionLow","EquivalentEntityContribution","EquivalentEntityContributionHigh","AbilityPowerMultiplier","ContinuousPower","AbilityEvidence","RiskFlags","ScenarioEventCount","ScenarioEventTimesSeconds","ScenarioAttackCount","ScenarioSpecialAttackCount","RarityMedianPower","IsotonicRarityMedianPower","CompressionAlpha","RarityBaseCost","WithinTierFactor","RawCostBeforeRounding","FinalBaseCost","R1InitialCost","R1CalibrationKappa","R1CalibratedRawCost","Elite1EntityCount","Elite1TotalPower","Elite1TotalCost","Elite1PowerPerCostRatio","Elite2ResourceDirectory","Elite2ResourceSource","Elite2PanelPower","Elite2ContinuousPowerPerBody","Elite2PanelPowerStatus","Elite2TotalPower","Elite2TotalCost","Elite2PowerPerCostRatio","Elite3ResourceDirectory","Elite3ResourceSource","Elite3PanelPower","Elite3ContinuousPowerPerBody","Elite3PanelPowerStatus","Elite3TotalPower","Elite3TotalCost","Elite3PowerPerCostRatio","EliteEfficiencyRisk"
"1001","大鲍勃","5","1001_bigbo","Physical","Staging","22000","1900","800","30","6.0","3.00","0.5","1","533.33333333333333333333333333","533.333333333333","954.20","815.23","150","51.1","7.53153261127298","BaseOrdinaryCombat","None","1","1","1","1","0","0","0","1","7.53153261127298","No quantified ability scenario; base panel only.","","0","",,,"3.90137157320436","3.90137157320436","0.430661245919345","23.0852726693106","1.35","31.165118103569310","31",,,,"2","15.06306522254596","62","0.2429526648797735483870967742","1001_bigbo_2","Dedicated","7.92670928926726","7.92670928926726","DedicatedPanelPower","23.78012786780178","93","0.2557002996537825806451612903","1001_bigbo_2","InheritedE2","7.92670928926726","7.92670928926726","InheritedE2PanelPower","39.63354644633630","155","0.2557002996537825806451612903","E2 dedicated variant efficiency differs from E0 by +5.24696231684359950078001914%; C0 is unchanged."
"1006","重装防御者","3","1006_shield","Physical","Staging","6000","600","800","0","2.6","1.30","0.75","1","230.76923076923076923076923077","230.769230769231","260.00","260","150","51.1","2.79781855196267","BaseOrdinaryCombat","None","1","1","1","1","0","0","0","1","2.79781855196267","No quantified ability scenario; base panel only.","","0","",,,"0.8952517621759425","0.8952517621759425","0.430661245919345","12.246874749021","1.35","16.53328091117835","17",,,,"2","5.59563710392534","34","0.1645775618801570588235294118","1006_shield_2","Dedicated","3.62929190712214","3.62929190712214","DedicatedPanelPower","10.88787572136642","51","0.2134877592424788235294117647","1006_shield_3","Dedicated","7.5676552770785","7.5676552770785","DedicatedPanelPower","37.8382763853925","85","0.4451561927693235294117647059","E2 dedicated variant efficiency differs from E0 by +29.71863041569266014124914807%; C0 is unchanged. | E3 dedicated variant efficiency differs from E0 by +170.48413385384799346943645024%; C0 is unchanged."
"1008","幽灵","1","1008_ghost","None","Staging","2300","100","120","35","1.0","0.50","1.2","1",,,,,,,,"PathUnit","PathPressure","1","1","1","1","0.5500000000000000000000000000","0.5500000000000000000000000000","0.5500000000000000000000000000","1","0.5500000000000000000000000000","BONDS: no ordinary attack, moves directly toward the opposing home, unblockable. Formula: normalized LifeDeduct * normalized move speed * 20-second survival fraction.","Route length and contact timing are not confirmed.","0","",,,"0.152257338591281","0.152257338591281","0.430661245919345","5.71069212182798","1.35","7.7094343644677730","4","8","0.49","3.92","2","1.1000000000000000000000000000","8","0.1375000000000000000000000000","1008_ghost","InheritedE0",,"0.5500000000000000000000000000","InheritedE0ContinuousPowerNoPanelPower","1.6500000000000000000000000000","12","0.1375000000000000000000000000","1008_ghost","InheritedE2",,"0.5500000000000000000000000000","InheritedE0ContinuousPowerNoPanelPower","2.7500000000000000000000000000","20","0.1375000000000000000000000000",""
"1014","双持剑士","1","1014_rogue","Physical","Staging","2000","350","100","0","1.2","0.60","1.1","1","83.33333333333333333333333333","83.3333333333333","6.75","7.795","150","51.1","0.29111283733589","BaseOrdinaryCombat","None","1","1","1","1","0","0","0","1","0.29111283733589","No quantified ability scenario; base panel only.","","0","",,,"0.152257338591281","0.152257338591281","0.430661245919345","5.71069212182798","1.35","7.7094343644677730","4","8","0.49","3.92","2","0.58222567467178","8","0.0727782093339725","1014_rogue_2","Dedicated","0.585205735980653","0.585205735980653","DedicatedPanelPower","1.755617207941959","12","0.14630143399516325","1014_rogue_2","InheritedE2","0.585205735980653","0.585205735980653","InheritedE2PanelPower","2.926028679903265","20","0.14630143399516325","E2 dedicated variant efficiency differs from E0 by +101.02367911224559438781405336%; C0 is unchanged."
"1017","御4","5","1017_defdrn","None","Staging","4000","0","150","20","2.0","1.00","0.8","1",,,,,,,,"UnattackableDrone","SupportAura20Seconds","1","1","1","1","0.79284291400159","2.37852874200477","3.96421457000795","1","2.37852874200477","BONDS: other allies within radius 2.5 gain DEF +300. Design 5.2: aura sensitivity uses 1/3/5 effective targets; main uses 3.","Actual route, recipients, uptime, stacking and silence timing are not confirmed.","0","",,,"3.90137157320436","3.90137157320436","0.430661245919345","23.0852726693106","0.75","17.313954501982950","17",,,,"2","4.75705748400954","34","0.1399134554120452941176470588","1017_defdrn","InheritedE0",,"2.37852874200477","InheritedE0ContinuousPowerNoPanelPower","7.13558622601431","51","0.1399134554120452941176470588","1017_defdrn","InheritedE2",,"2.37852874200477","InheritedE0ContinuousPowerNoPanelPower","11.89264371002385","85","0.1399134554120452941176470588",""
"1025","寻仇者","4","1025_reveng","Physical","Staging","5000","300","200","50","2.3","1.15","0.65","1","13.043478260869565217391304348","13.1304347826087","23.80","23.8","150","51.1","0.201916566387248","BaseOrdinaryCombat","ThresholdOutput20Seconds","10.5","10.5","10.5","1","0","0","0","3.24037034920393","0.6542844547343053162929034846","BONDS E0: ATK +100% at HP <=50%. Scenario convention: threshold is crossed at the 10-second midpoint.","Actual threshold-crossing time is encounter dependent.","0","",,,"3.444566138663685","3.444566138663685","0.430661245919345","21.8798151219188","0.75","16.409861341439100","16",,,,"2","1.3085689094686106325858069692","32","0.0408927784208940822683064678","1025_reveng_2","Dedicated","1.35566538625735","4.3928579210704098655346113855","DedicatedPanelPower","13.178573763211229596603834156","48","0.2745536200669006165959132116","1025_reveng_2","InheritedE2","1.35566538625735","4.3928579210704098655346113855","InheritedE2PanelPower","21.964289605352049327673056928","80","0.2745536200669006165959132116","E2 dedicated variant efficiency differs from E0 by +571.39879134898302919676744047%; C0 is unchanged. | E2 ability definition from BONDS is not separately remodeled; the E0 ability contribution is reused without an invented numeric modifier."
"1026","幽灵组长","2","1026_aghost","None","Staging","3800","100","350","35","1.0","0.50","1.2","1",,,,,,,,"PathUnit","PathPressure","1","1","1","1","1.3333333333333333333333333333","1.3333333333333333333333333333","1.3333333333333333333333333333","1","1.3333333333333333333333333333","BONDS: no ordinary attack, moves directly toward the opposing home, unblockable. Formula: normalized LifeDeduct * normalized move speed * 20-second survival fraction.","Route length and contact timing are not confirmed.","0","",,,"0.2442674251888774683402701105","0.2442674251888774683402701105","0.430661245919345","6.99999999999999","1.35","9.4499999999999865","9",,,,"2","2.6666666666666666666666666666","18","0.1481481481481481481481481481","1026_aghost","InheritedE0",,"1.3333333333333333333333333333","InheritedE0ContinuousPowerNoPanelPower","3.9999999999999999999999999999","27","0.1481481481481481481481481481","1026_aghost","InheritedE2",,"1.3333333333333333333333333333","InheritedE0ContinuousPowerNoPanelPower","6.6666666666666666666666666665","45","0.1481481481481481481481481481",""
"1031","法术近卫","3","1031_mrogue","Magic","Staging","4000","350","200","50","2.5","1.25","0.75","1","224","224","18.00","18","150","51.1","0.725277462258599","BaseOrdinaryCombat","None","1","1","1","1","0","0","0","1","0.725277462258599","No quantified ability scenario; base panel only.","","0","",,,"0.8952517621759425","0.8952517621759425","0.430661245919345","12.246874749021","0.881323597525571","10.793459712252262157254715991","11",,,,"2","1.450554924517198","22","0.0659343147507817272727272727","1031_mrogue_2","Dedicated","1.25953635636578","1.25953635636578","DedicatedPanelPower","3.77860906909734","33","0.1145033051241618181818181818","1031_mrogue_2","InheritedE2","1.25953635636578","1.25953635636578","InheritedE2PanelPower","6.29768178182890","55","0.1145033051241618181818181818","E2 dedicated variant efficiency differs from E0 by +73.66269075057650396779000791%; C0 is unchanged."
"1039","破阵者","2","1039_breakr","Physical","Staging","3500","410","50","25","1.4","0.70","1.9","1","157.14285714285714285714285714","157.142857142857","10.50","10.5","150","51.1","0.463965718417781","BaseOrdinaryCombat","None","1","1","1","1","0","0","0","1","0.463965718417781","No quantified ability scenario; base panel only.","","0","",,,"0.2442674251888774683402701105","0.2442674251888774683402701105","0.430661245919345","6.99999999999999","1.35","9.4499999999999865","9",,,,"2","0.927931436835562","18","0.0515517464908645555555555556","1039_breakr_2","Dedicated","0.774680878261599","0.774680878261599","DedicatedPanelPower","2.324042634784797","27","0.0860756531401776666666666667","1039_breakr_2","InheritedE2","0.774680878261599","0.774680878261599","InheritedE2PanelPower","3.873404391307995","45","0.0860756531401776666666666667","E2 dedicated variant efficiency differs from E0 by +66.96942198734443546259004932%; C0 is unchanged."
"1042","寒霜","6","1042_frostd","None","Staging","6500","100","600","30","1.0","0.50","0.9","1",,,,,,,,"UnattackableDrone","SupportAura20Seconds","1","1","1","1","0.4142135623731","1.2426406871193","2.0710678118655","1","1.2426406871193","BONDS: enemies within radius 2.5 have additive ASPD -50. After the separate source-interval halving, confirmed base attack speed is 100, so the target attack-rate factor is (100-50)/100=0.5. Aura sensitivity is 1/3/5.","Actual route, affected enemies, uptime, stacking and silence timing are not confirmed.","0","",,,"6.10738456206143050","6.10738456206143050","0.430661245919345","28","0.75","21.00","21",,,,"2","2.4852813742386","42","0.0591733660533","1042_frostd","InheritedE0",,"1.2426406871193","InheritedE0ContinuousPowerNoPanelPower","3.7279220613579","63","0.0591733660533","1042_frostd","InheritedE2",,"1.2426406871193","InheritedE0ContinuousPowerNoPanelPower","6.2132034355965","105","0.0591733660533",""
"1043","宿主士兵","2","1043_zomsabr","Physical","Staging","2500","250","100","30","1.8","0.90","0.9","1","13.333333333333333333333333333","13.3333333333333","9.00","9","150","51.1","0.125122249417971","BaseOrdinaryCombat","SelfRegen20Seconds","1","1","1","2.28","0","0","0","1.50996688705415","0.1889304534548666025322601296","BONDS: natural HP recovery 160/s. Formula adds 160*20 effective HP over the fixed window.","Overheal and actual incoming-damage timing are not modeled.","0","",,,"0.2442674251888774683402701105","0.2442674251888774683402701105","0.430661245919345","6.99999999999999","0.857159903787912","6.0001193265153754284009621209","6",,,,"2","0.3778609069097332050645202592","12","0.0314884089091444337553766883","1043_zomsabr_2","Dedicated","0.181798413600476","0.2745095846556935915346777754","DedicatedPanelPower","0.8235287539670807746040333262","18","0.0457515974426155985891129626","1043_zomsabr_2","InheritedE2","0.181798413600476","0.2745095846556935915346777754","InheritedE2PanelPower","1.3725479232784679576733888770","30","0.0457515974426155985891129626","E2 dedicated variant efficiency differs from E0 by +45.29663145135619849388415611%; C0 is unchanged."
"1044","宿主拾荒者","4","1044_zomstr","Physical","Staging","6000","500","130","30","3.0","1.50","0.65","1","133.33333333333333333333333333","133.333333333333","21.00","21","150","51.1","0.604397885215499","BaseOrdinaryCombat","SelfRegen20Seconds","1","1","1","2.3333333333333333333333333333","0","0","0","1.52752523165195","0.9232330196237537960215135730","BONDS: natural HP recovery 400/s. Formula adds 400*20 effective HP over the fixed window.","Overheal and actual incoming-damage timing are not modeled.","0","",,,"3.444566138663685","3.444566138663685","0.430661245919345","21.8798151219188","0.75","16.409861341439100","16",,,,"2","1.8464660392475075920430271460","32","0.0577020637264846122513445983","1044_zomstr_2","Dedicated","1.18975842680573","1.8173860165162823167296256735","DedicatedPanelPower","5.4521580495488469501888770205","48","0.1135866260322676447956016046","1044_zomstr_2","InheritedE2","1.18975842680573","1.8173860165162823167296256735","InheritedE2PanelPower","9.086930082581411583648128368","80","0.1135866260322676447956016046","E2 dedicated variant efficiency differs from E0 by +96.85019685029503276464686962%; C0 is unchanged."
"1056","打手","2","1056_ganwar","Physical","Staging","3200","290","250","0","0.4","0.20","0.95","1","70","70","16.50","16.5","150","51.1","0.388181570282322","BaseOrdinaryCombat","None","1","1","1","1","0","0","0","1","0.388181570282322","No quantified ability scenario; base panel only.","","0","",,,"0.2442674251888774683402701105","0.2442674251888774683402701105","0.430661245919345","6.99999999999999","1.32038814007904","9.242716980553266796118599210","9",,,,"2","0.776363140564644","18","0.0431312855869246666666666667","1056_ganwar_2","Dedicated","1.19359018689271","1.19359018689271","DedicatedPanelPower","3.58077056067813","27","0.1326211318769677777777777778","1056_ganwar_2","InheritedE2","1.19359018689271","1.19359018689271","InheritedE2PanelPower","5.96795093446355","45","0.1326211318769677777777777778","E2 dedicated variant efficiency differs from E0 by +207.48244591432287963742466162%; C0 is unchanged."
"1058","欺凌者","4","1058_traink","Physical","Staging","16000","800","800","20","3.5","1.75","1.2","1","285.71428571428571428571428571","285.714285714286","694.20","694.2","150","51.1","5.08688831849951","BaseOrdinaryCombat","ExplicitRiskOnly","1","1","1","1","0","0","0","1","5.08688831849951","No quantified ability scenario; base panel only.","BONDS confirms block count +2, but the approved 20-second model has no confirmed conversion from added block slots to continuous power; numeric contribution is zero.","0","",,,"3.444566138663685","3.444566138663685","0.430661245919345","21.8798151219188","1.26354468405532","27.646124085413702992203748016","28",,,,"2","10.17377663699902","56","0.1816745828035539285714285714","1058_traink_2","Dedicated","6.52249857079335","6.52249857079335","DedicatedPanelPower","19.56749571238005","84","0.2329463775283339285714285714","1058_traink_2","InheritedE2","6.52249857079335","6.52249857079335","InheritedE2PanelPower","32.61249285396675","140","0.2329463775283339285714285714","E2 dedicated variant efficiency differs from E0 by +28.22177650476322889424711753%; C0 is unchanged."
"1061","宿主重装士兵","5","1061_zomshd","Physical","Staging","10000","600","800","0","2.6","1.30","0.75","1","230.76923076923076923076923077","230.769230769231","434.20","434.2","150","51.1","3.61557838319262","BaseOrdinaryCombat","SelfRegen20Seconds","1","1","1","1.8","0","0","0","1.34164078649987","4.8508074256784750526058149594","BONDS: natural HP recovery 400/s. Formula adds 400*20 effective HP over the fixed window.","Overheal and actual incoming-damage timing are not modeled.","0","",,,"3.90137157320436","3.90137157320436","0.430661245919345","23.0852726693106","1.13961466980014","26.308315390282595950813583484","26",,,,"2","9.701614851356950105211629919","52","0.1865695163722490404848390369","1061_zomshd_2","Dedicated","5.92660886670778","7.951380181206929165716297989","DedicatedPanelPower","23.854140543620787497148893967","78","0.3058223146618049679121653073","1061_zomshd_2","InheritedE2","5.92660886670778","7.951380181206929165716297989","InheritedE2PanelPower","39.756900906034645828581489945","130","0.3058223146618049679121653073","E2 dedicated variant efficiency differs from E0 by +63.91869401195166432087219128%; C0 is unchanged."
"1062","狂暴宿主士兵","5","1062_rager","Physical","Staging","20000","1000","200","30","1.3","0.65","1.2","1","1076.9230769230769230769230769","590.769230769231","84.00","84","150","51.1","2.54444165798622","BaseOrdinaryCombat","SelfDamage20Seconds","1","1","1","0.67","0","0","0","0.818535277187245","2.0827152578065238281325697639","BONDS: 330 source-less true self-damage per second. Output uptime and effective HP use min(20, HP/330).","External healing and encounter duration beyond 20 seconds are not modeled.","0","",,,"3.90137157320436","3.90137157320436","0.430661245919345","23.0852726693106","0.75","17.313954501982950","17",,,,"2","4.1654305156130476562651395278","34","0.1225126622239131663607393979","1062_rager_2","Dedicated","3.40015318743553","2.7831453317566361517731758148","DedicatedPanelPower","8.349435995269908455319527444","51","0.163714431279802126574892695","1062_rager_2","InheritedE2","3.40015318743553","2.7831453317566361517731758148","InheritedE2PanelPower","13.915726658783180758865879074","85","0.163714431279802126574892695","E2 dedicated variant efficiency differs from E0 by +33.6306209562123235591109025%; C0 is unchanged."
"1077","游击队猎犬","2","1077_sotihd","Physical","Staging","2900","350","150","20","1.4","0.70","1.9","1","71.428571428571428571428571429","71.4285714285714","11.25","11.25","150","51.1","0.323784581365446","BaseOrdinaryCombat","None","1","1","1","1","0","0","0","1","0.323784581365446","No quantified ability scenario; base panel only.","","0","",,,"0.2442674251888774683402701105","0.2442674251888774683402701105","0.430661245919345","6.99999999999999","1.18422538276142","8.289577679329928157746172386","8",,,,"2","0.647569162730892","16","0.04047307267068075","1077_sotihd_2","Dedicated","0.56453770785944","0.56453770785944","DedicatedPanelPower","1.69361312357832","24","0.07056721348243","1077_sotihd_2","InheritedE2","0.56453770785944","0.56453770785944","InheritedE2PanelPower","2.82268853929720","40","0.07056721348243","E2 dedicated variant efficiency differs from E0 by +74.35595774162671652098678212%; C0 is unchanged."
"1078","游击队战士","2","1078_sotisc","Physical","Staging","3300","300","300","20","2.0","1.00","1.1","1","15","15","22.00","22","150","51.1","0.207491777122337","BaseOrdinaryCombat","ExplicitRiskOnly","1","1","1","1","0","0","0","1","0.207491777122337","No quantified ability scenario; base panel only.","BONDS confirms tactical command grants move speed +30%, but route length and tactical-command uptime are not confirmed; numeric contribution is zero.","0","",,,"0.2442674251888774683402701105","0.2442674251888774683402701105","0.430661245919345","6.99999999999999","0.906736715448428","6.3471570081389869326328455157","6",,,,"2","0.414983554244674","12","0.0345819628537228333333333333","1078_sotisc_2","Dedicated","0.375366748253913","0.375366748253913","DedicatedPanelPower","1.126100244761739","18","0.0625611247089855","1078_sotisc_2","InheritedE2","0.375366748253913","0.375366748253913","InheritedE2PanelPower","1.876833741269565","30","0.0625611247089855","E2 dedicated variant efficiency differs from E0 by +80.90680674665822531865478566%; C0 is unchanged."
"1080","游击队传令兵","5","1080_sotidp","Physical","Staging","7000","300","120","50","2.7","1.35","1.0","1","11.111111111111111111111111111","13.1304347826087","24.75","24.75","150","51.1","0.205906983119244","BaseOrdinaryCombat","GlobalSupportAura20Seconds","1","1","1","1","0.227322380110092","0.681967140330276","1.136611900550460","1","0.887874123449520","BONDS: while present, all allied units globally gain ATK +10%, DEF +100 and tactical command. The approved sensitivity uses 1/3/5 effective recipients; main uses 3.","Self-inclusion, actual recipients and uptime, stacking from multiple 1080 or elite entities, and the tactical-command conditional bonuses of 1078/1083 are not confirmed; the conditional bonuses are not priced a second time. | BONDS tactical command conditionally activates the separate 1078 move-speed and 1083 ATK bonuses, but self-inclusion, actual uptime, formation membership, and stacking from multiple 1080 or elite entities are not confirmed; this synergy is risk-only and is not double-priced.","0","",,,"3.90137157320436","3.90137157320436","0.430661245919345","23.0852726693106","0.75","17.313954501982950","17",,,,"2","1.775748246899040","34","0.0522278896146776470588235294","1080_sotidp_2","Dedicated","0.465817884338786","1.147785024669062","DedicatedPanelPower","3.443355074007186","51","0.0675167661570036470588235294","1080_sotidp_2","InheritedE2","0.465817884338786","1.147785024669062","InheritedE2PanelPower","5.738925123345310","85","0.0675167661570036470588235294","E2 dedicated variant efficiency differs from E0 by +29.27339522068177605892353283%; C0 is unchanged."
"1081","游击队盾卫","4","1081_sotisd","Physical","Staging","15000","700","1300","60","3.8","1.90","0.7","1","210.52631578947368421052631579","210.526315789474","662.25","662.25","150","51.1","4.26489259989745","BaseOrdinaryCombat","ExplicitRiskOnly","1","1","1","1","0","0","0","1","4.26489259989745","No quantified ability scenario; base panel only.","BONDS confirms block count +2, but blocked-target demand and uptime are not confirmed; numeric contribution is zero.","0","",,,"3.444566138663685","3.444566138663685","0.430661245919345","21.8798151219188","1.13674785307779","24.871832865580159958670463452","25",,,,"2","8.52978519979490","50","0.170595703995898","1081_sotisd_2","Dedicated","5.29044493738732","5.29044493738732","DedicatedPanelPower","15.87133481216196","75","0.2116177974954928","1081_sotisd_2","InheritedE2","5.29044493738732","5.29044493738732","InheritedE2PanelPower","26.45222468693660","125","0.2116177974954928","E2 dedicated variant efficiency differs from E0 by +24.04638132070499416666161702%; C0 is unchanged."
"1083","游击队突袭战士","3","1083_sotiab","Physical","Staging","3800","360","550","20","1.9","0.95","1.0","1","63.157894736842105263157894737","63.1578947368421","119.00","119","150","51.1","0.990218928113783","BaseOrdinaryCombat","ExplicitRiskOnly","1","1","1","1","0","0","0","1","0.990218928113783","No quantified ability scenario; base panel only.","BONDS confirms tactical command grants ATK +50%, but tactical-command uptime is not confirmed; numeric contribution is zero.","0","",,,"0.8952517621759425","0.8952517621759425","0.430661245919345","12.246874749021","1.06235978767885","13.01058725809941894189990585","13",,,,"2","1.980437856227566","26","0.0761706867779833076923076923","1083_sotiab_2","Dedicated","1.67151764257619","1.67151764257619","DedicatedPanelPower","5.01455292772857","39","0.1285782801981684615384615385","1083_sotiab_2","InheritedE2","1.67151764257619","1.67151764257619","InheritedE2PanelPower","8.35758821288095","65","0.1285782801981684615384615385","E2 dedicated variant efficiency differs from E0 by +68.8028369403297316130665422%; C0 is unchanged."
"1086","莱塔尼亚叛兵","1","1086_ltsodr","Magic","Staging","3000","130","130","20","2.0","1.00","1.1","1","104","104","11.00","11","150","51.1","0.386328664379269","BaseOrdinaryCombat","None","1","1","1","1","0","0","0","1","0.386328664379269","No quantified ability scenario; base panel only.","","0","",,,"0.152257338591281","0.152257338591281","0.430661245919345","5.71069212182798","1.35","7.7094343644677730","4","8","0.49","3.92","2","0.772657328758538","8","0.09658216609481725","1086_ltsodr_2","Dedicated","0.534376019242342","0.534376019242342","DedicatedPanelPower","1.603128057727026","12","0.1335940048105855","1086_ltsodr_2","InheritedE2","0.534376019242342","0.534376019242342","InheritedE2PanelPower","2.671880096211710","20","0.1335940048105855","E2 dedicated variant efficiency differs from E0 by +38.32160761380393509170263209%; C0 is unchanged."
"1087","冬灵猎犬","1","1087_ltwolf","Physical","Staging","2800","300","0","20","1.4","0.70","1.9","1","21.428571428571428571428571429","21.4285714285714","7.60","7.795","150","51.1","0.147621151848311","BaseOrdinaryCombat","None","1","1","1","1","0","0","0","1","0.147621151848311","No quantified ability scenario; base panel only.","","0","",,,"0.152257338591281","0.152257338591281","0.430661245919345","5.71069212182798","0.981617321500144","5.6057143045407557510211132291","3","6","0.49","2.94","2","0.295242303696622","6","0.0492070506161036666666666667","1087_ltwolf_2","Dedicated","0.33272706024199","0.33272706024199","DedicatedPanelPower","0.99818118072597","9","0.1109090200806633333333333333","1087_ltwolf_2","InheritedE2","0.33272706024199","0.33272706024199","InheritedE2PanelPower","1.66363530120995","15","0.1109090200806633333333333333","E2 dedicated variant efficiency differs from E0 by +125.39253763843116900914027255%; C0 is unchanged."
"1089","冬灵血巫","5","1089_ltlntc","Magic","Staging","20000","500","300","50","1.3","0.65","1.5","1","615.38461538461538461538461538","590.769230769231","150.00","150","150","51.1","3.40015318743553","BaseOrdinaryCombat","SelfDamageDeathBurst20Seconds","1","1","1","0.2","0","0","0","0.447213595499958","1.5205947322036859893142427077","BONDS: 800 source-less true self-damage/s and 200% ATK magic death splash, radius 1.5, delay 1.3 seconds. Death time is HP/800 and the burst contributes only if death time + 1.3 is within 20 seconds; AoE sensitivity is 1/2/3.","External damage/healing can change death time and whether the burst occurs in-window.","0","",,,"3.90137157320436","3.90137157320436","0.430661245919345","23.0852726693106","0.75","17.313954501982950","17",,,,"2","3.0411894644073719786284854154","34","0.0894467489531579993714260416","1089_ltlntc_2","Dedicated","4.16432017825743","1.8623405997315312934420781879","DedicatedPanelPower","5.5870217991945938803262345637","51","0.109549447043031252555416364","1089_ltlntc_2","InheritedE2","4.16432017825743","1.8623405997315312934420781879","InheritedE2PanelPower","9.311702998657656467210390940","85","0.109549447043031252555416364","E2 dedicated variant efficiency differs from E0 by +22.4744871391589118470744122%; C0 is unchanged."
"1092","泥岩巨像","5","1092_mdgint","Physical","Staging","100000","3000","700","30","7.0","3.50","0.4","1","771.42857142857142857142857143","590.769230769231","4118.10","815.23","150","51.1","7.92670928926726","BaseOrdinaryCombat","None","1","1","1","1","0","0","0","1","7.92670928926726","No quantified ability scenario; base panel only.","","0","",,,"3.90137157320436","3.90137157320436","0.430661245919345","23.0852726693106","1.35","31.165118103569310","31",,,,"2","15.85341857853452","62","0.2557002996537825806451612903","1092_mdgint_2","Dedicated","7.92670928926726","7.92670928926726","DedicatedPanelPower","23.78012786780178","93","0.2557002996537825806451612903","1092_mdgint_2","InheritedE2","7.92670928926726","7.92670928926726","InheritedE2PanelPower","39.63354644633630","155","0.2557002996537825806451612903",""
"1095","提亚卡乌好战者","4","1095_ccripr","Physical","Staging","5500","320","380","10","1.0","0.50","0.8","1","40","40","50.00","50","150","51.1","0.510809444238797","BaseOrdinaryCombat","ExplicitRiskOnly","1","1","1","1","0","0","0","1","0.510809444238797","No quantified ability scenario; base panel only.","BONDS confirms each attack reduces the current target DEF by 10 with unlimited stacking, but target switching and stack persistence scenarios are not confirmed; numeric contribution is zero.","0","",,,"3.444566138663685","3.444566138663685","0.430661245919345","21.8798151219188","0.75","16.409861341439100","16",,,,"2","1.021618888477594","32","0.0319255902649248125","1095_ccripr_2","Dedicated","1.18334458802288","1.18334458802288","DedicatedPanelPower","3.55003376406864","48","0.07395903675143","1095_ccripr_2","InheritedE2","1.18334458802288","1.18334458802288","InheritedE2PanelPower","5.91672294011440","80","0.07395903675143","E2 dedicated variant efficiency differs from E0 by +131.66067138525364980373304176%; C0 is unchanged."
"1107","感染者纠察官","2","1107_uoffcr","Physical","Staging","3300","330","150","20","2.0","1.00","1.1","1","30","30","12.75","12.75","150","51.1","0.223387897259182","BaseOrdinaryCombat","None","1","1","1","1","0","0","0","1","0.223387897259182","No quantified ability scenario; base panel only.","","0","",,,"0.2442674251888774683402701105","0.2442674251888774683402701105","0.430661245919345","6.99999999999999","0.947799447841884","6.6345961348931785220055215812","7",,,,"2","0.446775794518364","14","0.0319125567513117142857142857","1107_uoffcr_2","Dedicated","0.453298413911625","0.453298413911625","DedicatedPanelPower","1.359895241734875","21","0.0647569162730892857142857143","1107_uoffcr_2","InheritedE2","0.453298413911625","0.453298413911625","InheritedE2PanelPower","2.266492069558125","35","0.0647569162730892857142857143","E2 dedicated variant efficiency differs from E0 by +102.91986247835675807957733161%; C0 is unchanged."
"1108","乌萨斯裂兽","2","1108_uterer","Physical","Staging","3500","380","100","20","1.5","0.75","1.7","1","106.66666666666666666666666667","106.666666666667","11.25","11.25","150","51.1","0.395671294124466","BaseOrdinaryCombat","None","1","1","1","1","0","0","0","1","0.395671294124466","No quantified ability scenario; base panel only.","","0","",,,"0.2442674251888774683402701105","0.2442674251888774683402701105","0.430661245919345","6.99999999999999","1.33561532429284","9.349307270049866643846757072","9",,,,"2","0.791342588248932","18","0.0439634771249406666666666667","1108_uterer_2","Dedicated","0.625611247089854","0.625611247089854","DedicatedPanelPower","1.876833741269562","27","0.0695123607877615555555555556","1108_uterer_2","InheritedE2","0.625611247089854","0.625611247089854","InheritedE2PanelPower","3.128056235449270","45","0.0695123607877615555555555556","E2 dedicated variant efficiency differs from E0 by +58.11388300841859262470067248%; C0 is unchanged."
"1111","乌萨斯突击者","3","1111_ucommd","Physical","Staging","7500","550","500","50","2.2","1.10","1.5","1","227.27272727272727272727272727","227.272727272727","150.00","150","150","51.1","2.10893508371718","BaseOrdinaryCombat","None","1","1","1","1","0","0","0","1","2.10893508371718","No quantified ability scenario; base panel only.","","0","",,,"0.8952517621759425","0.8952517621759425","0.430661245919345","12.246874749021","1.35","16.53328091117835","17",,,,"2","4.21787016743436","34","0.12405500492454","1111_ucommd_2","Dedicated","3.0802968471092","3.0802968471092","DedicatedPanelPower","9.2408905413276","51","0.1811939321828941176470588235","1111_ucommd_2","InheritedE2","3.0802968471092","3.0802968471092","InheritedE2PanelPower","15.4014842355460","85","0.1811939321828941176470588235","E2 dedicated variant efficiency differs from E0 by +46.0593486680448742491006192%; C0 is unchanged."
"1116","普通囚犯","2","1116_liprr","Physical","Staging","5500","280","60","0","2.0","1.00","1.1","1","14","14","16.10","16.1","150","51.1","0.171482922456039","BaseOrdinaryCombat","OpeningHitsThenSteady20Seconds","6.1499999999999999999999999995","6.1499999999999999999999999995","6.1499999999999999999999999995","1","0","0","0","2.47991935352745","0.4252638181981780752722047706","BONDS: initial ASPD -50; before attack 4, release and gain ATK +50%. Formula gives the first three attacks the opening state and the remainder the released state.","","0","",,,"0.2442674251888774683402701105","0.2442674251888774683402701105","0.430661245919345","6.99999999999999","1.35","9.4499999999999865","9",,,,"2","0.8505276363963561505444095412","18","0.047251535355353119474689419","1116_liprr_2","Dedicated","0.4835183081724","1.199086410221584552102732380","DedicatedPanelPower","3.597259230664753656308197140","27","0.133231823357953839122525820","1116_liprr_2","InheritedE2","0.4835183081724","1.199086410221584552102732380","InheritedE2PanelPower","5.995432051107922760513661900","45","0.133231823357953839122525820","E2 dedicated variant efficiency differs from E0 by +181.96295074009701040338523869%; C0 is unchanged."
"1118","拳手囚犯","4","1118_lidbox","Physical","Staging","8000","300","300","0","1.2","0.60","1.6","1","25","25","51.10","51.1","150","51.1","0.408248290463863","BaseOrdinaryCombat","OpeningHitsThenSteady20Seconds","18.13","18.13","18.13","1","0","0","0","4.25793377120875","1.7382941830043213534517044012","BONDS: first three attacks at ASPD -50; released attacks gain ATK +50% and ignore 60% of target DEF.","","0","",,,"3.444566138663685","3.444566138663685","0.430661245919345","21.8798151219188","0.75","16.409861341439100","16",,,,"2","3.4765883660086427069034088024","32","0.1086433864377700845907315251","1118_lidbox_2","Dedicated","1.57442044545722","6.7037779847938208417658146750","DedicatedPanelPower","20.111333954381462525297444025","48","0.4189861240496138026103634172","1118_lidbox_2","InheritedE2","1.57442044545722","6.7037779847938208417658146750","InheritedE2PanelPower","33.518889923969104208829073375","80","0.4189861240496138026103634172","E2 dedicated variant efficiency differs from E0 by +285.65267319755826546771581157%; C0 is unchanged."
"1119","强壮囚犯","4","1119_vofsd","Physical","Staging","11000","600","700","0","3.3","1.65","0.8","1","181.81818181818181818181818182","181.818181818182","453.60","453.6","150","51.1","3.28019074256308","BaseOrdinaryCombat","OpeningHitsThenSteady20Seconds","1.2575","1.2575","1.2575","1.2727272727272727272727272727","0","0","0","1.26509072617522","4.1497388885023609999079828776","BONDS: first three attacks at ASPD -50; released attacks gain ATK +50%, MR +40 and regen 300/s. Output release follows attack count; defense effects use the fixed 10-second midpoint convention.","Actual release time changes defense-effect uptime.","0","",,,"3.444566138663685","3.444566138663685","0.430661245919345","21.8798151219188","1.11823156099724","24.466699818114276749510304112","24",,,,"2","8.299477777004721999815965755","48","0.1729057870209317083294992866","1119_vofsd_2","Dedicated","4.40134072683744","5.5680953362593475757378962368","DedicatedPanelPower","16.704286008778042727213688710","72","0.2320039723441394823224123432","1119_vofsd_2","InheritedE2","4.40134072683744","5.5680953362593475757378962368","InheritedE2PanelPower","27.840476681296737878689481184","120","0.2320039723441394823224123432","E2 dedicated variant efficiency differs from E0 by +34.17941431656850136510342244%; C0 is unchanged."
"1121","重犯","5","1121_lifbos","Physical","Staging","20000","800","400","0","3.0","1.50","0.8","1","333.33333333333333333333333333","333.333333333333","200.00","200","150","51.1","2.94915970135872","BaseOrdinaryCombat","OpeningHitsThenSteady20Seconds","1.215","1.215","1.215","1.4285714285714285714285714286","0","0","0","1.31746509848052","3.8854149763853469976514521344","BONDS: initial ASPD -50 and DEF +300; before attack 4, release and gain ATK +50%. Output follows attack count; opening DEF uses the fixed first 10 seconds.","Actual release time and the first-release ally effect are not fully determined.","0","",,,"3.90137157320436","3.90137157320436","0.430661245919345","23.0852726693106","0.997543990776711","23.028575026712631693546905437","23",,,,"2","7.7708299527706939953029042688","46","0.1689310859297976955500631363","1121_lifbos_2","Dedicated","5.04168317669662","6.6422416228941933846350198424","DedicatedPanelPower","19.926724868682580153905059527","69","0.2887931140388779732450008627","1121_lifbos_2","InheritedE2","5.04168317669662","6.6422416228941933846350198424","InheritedE2PanelPower","33.211208114470966923175099212","115","0.2887931140388779732450008627","E2 dedicated variant efficiency differs from E0 by +70.95320997278799603350523674%; C0 is unchanged."
"1131","变异沙地兽","2","1131_sbeast","Physical","Staging","2700","320","100","0","2.5","1.25","1.7","1","16","16","9.00","9","150","51.1","0.137064556904021","BaseOrdinaryCombat","DeathSummon20Seconds","1","1","1","1","0.11324462795808848","0.11324462795808848","0.11324462795808848","1","0.25030918486210948","BONDS E0: 0.2 seconds after death, summon two 1137. Scenario convention: parent death at 10 seconds, so spawn is at 10.2 seconds; contribution uses child PanelPower * remaining lifetime / 20.","Actual death time and spawn placement are encounter dependent.","1","10.2",,,"0.2442674251888774683402701105","0.2442674251888774683402701105","0.430661245919345","6.99999999999999","1.01476794213166","7.1033755949216098523205786834","7",,,,"2","0.50061836972421896","14","0.0357584549803013542857142857","1131_sbeast_2","Dedicated","0.306485666543278","0.41973029450136648","DedicatedPanelPower","1.25919088350409944","21","0.0599614706430523542857142857","1131_sbeast_2","InheritedE2","0.306485666543278","0.41973029450136648","InheritedE2PanelPower","2.09865147250683240","35","0.0599614706430523542857142857","E2 dedicated variant efficiency differs from E0 by +67.68473547328590187560971494%; C0 is unchanged. | E2 ability definition from BONDS is not separately remodeled; the E0 ability contribution is reused without an invented numeric modifier."
"1132","变异岩蛛","3","1132_sarchn","Physical","Staging","2500","360","200","0","1.5","0.75","1.1","1","80","80","10.50","10.5","150","51.1","0.331042355440947","BaseOrdinaryCombat","DeathSummon20Seconds","1","1","1","1","0.16986694193713272","0.16986694193713272","0.16986694193713272","1","0.50090929737807972","BONDS E0: 0.2 seconds after death, summon three 1137. Scenario convention: parent death at 10 seconds, so spawn is at 10.2 seconds; contribution uses child PanelPower * remaining lifetime / 20.","Actual death time and spawn placement are encounter dependent.","1","10.2",,,"0.8952517621759425","0.8952517621759425","0.430661245919345","12.246874749021","0.75","9.18515606176575","9",,,,"2","1.00181859475615944","18","0.0556565885975644133333333333","1132_sarchn_2","Dedicated","0.524917289170082","0.69478423110721472","DedicatedPanelPower","2.08435269332164416","27","0.0771982479008016355555555556","1132_sarchn_2","InheritedE2","0.524917289170082","0.69478423110721472","InheritedE2PanelPower","3.47392115553607360","45","0.0771982479008016355555555556","E2 dedicated variant efficiency differs from E0 by +38.70459876547285592911979241%; C0 is unchanged. | E2 ability definition from BONDS is not separately remodeled; the E0 ability contribution is reused without an invented numeric modifier."
"1134","源石畸变体","4","1134_diamd","Magic","Staging","4000","1000","2000","80","4.0","2.00","0.7","1","400","400","185.90","185.9","150","51.1","3.11468126778159","BaseOrdinaryCombat","None","1","1","1","1","0","0","0","1","3.11468126778159","No quantified ability scenario; base panel only.","","0","",,,"3.444566138663685","3.444566138663685","0.430661245919345","21.8798151219188","0.941385381029292","20.597338095397994533614045490","21",,,,"2","6.22936253556318","42","0.1483181556086471428571428571","1134_diamd_2","Dedicated","4.99718421390892","4.99718421390892","DedicatedPanelPower","14.99155264172676","63","0.2379611530432819047619047619","1134_diamd_2","InheritedE2","4.99718421390892","4.99718421390892","InheritedE2PanelPower","24.98592106954460","105","0.2379611530432819047619047619","E2 dedicated variant efficiency differs from E0 by +60.43966570833520914453886046%; C0 is unchanged."
"1140","战术猎犬","1","1140_merhd","Physical","Staging","2200","310","0","20","1.5","0.75","1.9","1","20","20","6.30","7.795","150","51.1","0.142615581809354","BaseOrdinaryCombat","None","1","1","1","1","0","0","0","1","0.142615581809354","No quantified ability scenario; base panel only.","","0","",,,"0.152257338591281","0.152257338591281","0.430661245919345","5.71069212182798","0.961508762147242","5.4908805130628279561629554312","2","5","0.49","2.45","2","0.285231163618708","4","0.071307790904677","1140_merhd_2","Dedicated","0.371172574734225","0.371172574734225","DedicatedPanelPower","1.113517724202675","6","0.1855862873671125","1140_merhd_2","InheritedE2","0.371172574734225","0.371172574734225","InheritedE2PanelPower","1.855862873671125","10","0.1855862873671125","E2 dedicated variant efficiency differs from E0 by +160.26088455776309630317466473%; C0 is unchanged."
"1146","铁砧","6","1146_defspd","None","Staging","5000","0","80","50","1.0","0.50","1.0","1",,,,,,,,"UnattackableDrone","SupportAura20Seconds","1","1","1","1","1.20841414215174","3.62524242645522","6.04207071075870","1","3.62524242645522","BONDS: after reaching the support point, other allies in attack range gain DEF +200 and regen 400/s; auto-death is at 30 seconds, outside this window. Aura sensitivity is 1/3/5.","Travel time, attack-range geometry, recipients, stacking and silence timing are not confirmed.","0","",,,"6.10738456206143050","6.10738456206143050","0.430661245919345","28","0.75","21.00","21",,,,"2","7.25048485291044","42","0.1726305917359628571428571429","1146_defspd_2","Dedicated",,"3.62524242645522","InheritedE0ContinuousPowerNoPanelPower","10.87572727936566","63","0.1726305917359628571428571429","1146_defspd_2","InheritedE2",,"3.62524242645522","InheritedE0ContinuousPowerNoPanelPower","18.12621213227610","105","0.1726305917359628571428571429","E2 has a dedicated resource but E0 has no PanelPower; E0 ContinuousPower is inherited."
"1147","壳海狂奔者","1","1147_dshond","Physical","Staging","3000","280","0","20","1.3","0.65","1.9","1","21.538461538461538461538461538","21.5384615384615","8.25","8.25","150","51.1","0.152257338591281","BaseOrdinaryCombat","None","1","1","1","1","0","0","0","1","0.152257338591281","No quantified ability scenario; base panel only.","","0","",,,"0.152257338591281","0.152257338591281","0.430661245919345","5.71069212182798","1","5.71069212182798","3","6","0.49","2.94","2","0.304514677182562","6","0.0507524461970936666666666667","1147_dshond_2","Dedicated","0.30053392198859","0.30053392198859","DedicatedPanelPower","0.90160176596577","9","0.1001779739961966666666666667","1147_dshond_2","InheritedE2","0.30053392198859","0.30053392198859","InheritedE2PanelPower","1.50266960994295","15","0.1001779739961966666666666667","E2 dedicated variant efficiency differs from E0 by +97.38550848793047436405318723%; C0 is unchanged."
"1165","深池侦察犬","2","1165_duhond","Physical","Staging","2800","300","0","0","1.4","0.70","1.7","1","21.428571428571428571428571429","21.4285714285714","7.50","7.795","150","51.1","0.147621151848311","BaseOrdinaryCombat","SelfResistance20Seconds","1","1","1","1.1219047619047619047619047619","0","0","0","1.05920005754568","0.1563603325326905766943133465","BONDS: self MR +70 for the full scenario.","","0","",,,"0.2442674251888774683402701105","0.2442674251888774683402701105","0.430661245919345","6.99999999999999","0.765167681697035","5.3561737718792373483231830296","5",,,,"2","0.3127206650653811533886266930","10","0.0312720665065381153388626693","1165_duhond_2","Dedicated","0.395671294124465","0.4190950575058070048723430612","DedicatedPanelPower","1.2572851725174210146170291836","15","0.0838190115011614009744686122","1165_duhond_2","InheritedE2","0.395671294124465","0.4190950575058070048723430612","InheritedE2PanelPower","2.0954752875290350243617153060","25","0.0838190115011614009744686122","E2 dedicated variant efficiency differs from E0 by +168.03157214966010526601087413%; C0 is unchanged."
"1166","深池侦察兵","2","1166_dusbr","Physical","Staging","3000","280","110","0","2.0","1.00","1.0","1","14","14","10.50","10.5","150","51.1","0.138484952943563","BaseOrdinaryCombat","SelfResistance20Seconds","1","1","1","1.0456498388829215896885069817","0","0","0","1.02257021220204","0.1416105877182887408380734685","BONDS: self MR +70 for the full scenario.","","0","",,,"0.2442674251888774683402701105","0.2442674251888774683402701105","0.430661245919345","6.99999999999999","0.75","5.2499999999999925","5",,,,"2","0.2832211754365774816761469370","10","0.0283221175436577481676146937","1166_dusbr_2","Dedicated","0.433436186298462","0.4432189329992612296936852625","DedicatedPanelPower","1.3296567989977836890810557875","15","0.0886437865998522459387370525","1166_dusbr_2","InheritedE2","0.433436186298462","0.4432189329992612296936852625","InheritedE2PanelPower","2.2160946649963061484684263125","25","0.0886437865998522459387370525","E2 dedicated variant efficiency differs from E0 by +212.98431857438039486775365662%; C0 is unchanged."
"1169","深池方阵战士","4","1169_duphx","Physical","Staging","4000","300","300","0","2.5","1.25","1.0","1","12","13.1304347826087","25.90","25.9","150","51.1","0.2106363671689","BaseOrdinaryCombat","SelfResistanceAndAura20Seconds","1","1","1","1.1785714285714285714285714286","0.397276262011544","1.191828786034632","1.986381310057720","1.08562029668362","1.420499901452893133318403418","BONDS: self MR +70; each other nearby Deep Pool Phalanx entity gains DEF +200, stackable. Aura sensitivity is 1/3/5.","Actual same-family entity count and formation uptime are encounter dependent.","0","",,,"3.444566138663685","3.444566138663685","0.430661245919345","21.8798151219188","0.75","16.409861341439100","16",,,,"2","2.840999802905786266636806836","32","0.0887812438408058208324002136","1169_duphx_2","Dedicated","0.969192776471624","2.2440041355713778483322355989","DedicatedPanelPower","6.7320124067141335449967067967","48","0.1402502584732111155207647249","1169_duphx_2","InheritedE2","0.969192776471624","2.2440041355713778483322355989","InheritedE2PanelPower","11.220020677856889241661177994","80","0.1402502584732111155207647249","E2 dedicated variant efficiency differs from E0 by +57.97284697282986096348202693%; C0 is unchanged."
"1170","深池重甲卫士","4","1170_dushld","Physical","Staging","7000","700","750","0","4.0","2.00","0.7","1","200","200","299.00","299","150","51.1","2.79315162869367","BaseOrdinaryCombat","SelfResistance20Seconds","1","1","1","1","0","0","0","1","2.79315162869367","BONDS: self MR +70 for the full scenario.","","0","",,,"3.444566138663685","3.444566138663685","0.430661245919345","21.8798151219188","0.881811971737898","19.293882913919894148788438682","19",,,,"2","5.58630325738734","38","0.1470079804575615789473684211","1170_dushld_2","Dedicated","3.9256794194266","3.9256794194266","DedicatedPanelPower","11.7770382582798","57","0.2066147062856105263157894737","1170_dushld_2","InheritedE2","3.9256794194266","3.9256794194266","InheritedE2PanelPower","19.6283970971330","95","0.2066147062856105263157894737","E2 dedicated variant efficiency differs from E0 by +40.54659185339688462808155968%; C0 is unchanged."
"1230","深溟奠基者","4","1230_dsbudr","Magic","Staging","7000","450","200","30","3.0","1.50","1.0","1","240","240","29.70","29.7","150","51.1","0.96433463672375","BaseOrdinaryCombat","SelfResistance20Seconds","1","1","1","1.2","0","0","0","1.09544511501033","1.0563756670342931187786063375","BONDS: self MR +60 for the full scenario.","","0","",,,"3.444566138663685","3.444566138663685","0.430661245919345","21.8798151219188","0.75","16.409861341439100","16",,,,"2","2.1127513340685862375572126750","32","0.0660234791896433199236628961","1230_dsbudr_2","Dedicated","1.38955191827951","1.5221778609325225054094773383","DedicatedPanelPower","4.5665335827975675162284320149","48","0.0951361163082826565880923336","1230_dsbudr_2","InheritedE2","1.38955191827951","1.5221778609325225054094773383","InheritedE2PanelPower","7.6108893046626125270473866915","80","0.0951361163082826565880923336","E2 dedicated variant efficiency differs from E0 by +44.09436987562759262181528629%; C0 is unchanged."
"1231","深溟猎食者","4","1231_dsrunr","Physical","Staging","4000","450","50","0","3.0","1.50","1.0","1","100","100","12.00","12","150","51.1","0.395671294124465","BaseOrdinaryCombat","Evasion20Seconds","1","1","1","4.9999999999999999999999999999","0","0","0","2.23606797749979","0.8847479104076169948477713624","BONDS: 80% physical and magic evasion. Expected incoming damage multipliers are 0.20.","Variance and true-damage interactions are not modeled.","0","",,,"3.444566138663685","3.444566138663685","0.430661245919345","21.8798151219188","0.75","16.409861341439100","16",,,,"2","1.7694958208152339896955427248","32","0.0552967444004760621779857102","1231_dsrunr_2","Dedicated","0.585205735980653","1.3085598064755348396347515629","DedicatedPanelPower","3.9256794194266045189042546887","48","0.0817849879047209274771719727","1231_dsrunr_2","InheritedE2","0.585205735980653","1.3085598064755348396347515629","InheritedE2PanelPower","6.5427990323776741981737578145","80","0.0817849879047209274771719727","E2 dedicated variant efficiency differs from E0 by +47.90199457749057288172296827%; C0 is unchanged."
"1232","深溟引痕者","5","1232_dssalr","Physical","Staging","19000","800","500","5","4.0","2.00","0.8","1","250","250","317.50","317.5","150","51.1","3.21799814602818","BaseOrdinaryCombat","ThresholdDefense20Seconds","1","1","1","1.6483516483516483516483516483","0","0","0","1.28388147753274","4.1315282144202777543369126132","BONDS: below half HP, DEF increases 300%, modeled as base DEF *4. Scenario convention: threshold at 10 seconds.","Actual threshold time and block-count value are encounter dependent.","0","",,,"3.90137157320436","3.90137157320436","0.430661245919345","23.0852726693106","1.03498974007074","23.893020359471936061871031844","24",,,,"2","8.263056428840555508673825226","48","0.1721470089341782397640380256","1232_dssalr_2","Dedicated","3.95671294124465","5.0799504571780947126667248410","DedicatedPanelPower","15.239851371534284138000174523","72","0.2116646023824206130277802017","1232_dssalr_2","InheritedE2","3.95671294124465","5.0799504571780947126667248410","InheritedE2PanelPower","25.399752285890473563333624205","120","0.2116646023824206130277802017","E2 dedicated variant efficiency differs from E0 by +22.95572469885447462839721623%; C0 is unchanged."
"1238","“街头闲汉”","3","1238_ltmob","Physical","ConfirmedOverride","3500","380","50","0","2.2","1.10","1.3","1","72.727272727272727272727272727","72.7272727272727","10.40","10.4","150","51.1","0.314129874621362","BaseOrdinaryCombat","OrdinaryBaseline","1","1","1","1","0","0","0","1","0.314129874621362","Approved design section 4: score only the confirmed ordinary melee physical panel.","","0","",,,"0.8952517621759425","0.8952517621759425","0.430661245919345","12.246874749021","0.75","9.18515606176575","9",,,,"2","0.628259749242724","18","0.0349033194023735555555555556","1238_ltmob_2","Dedicated","0.582412375229625","0.582412375229625","DedicatedPanelPower","1.747237125688875","27","0.064712486136625","1238_ltmob_2","InheritedE2","0.582412375229625","0.582412375229625","InheritedE2PanelPower","2.912061876148125","45","0.064712486136625","E2 dedicated variant efficiency differs from E0 by +85.40496217739195951650041784%; C0 is unchanged."
"1240","量产巨像","4","1240_ltgint","Physical","Staging","15000","650","1200","50","4.0","2.00","0.75","1","175","175","656.25","656.25","150","51.1","3.87077210803333","BaseOrdinaryCombat","ExplicitRiskOnly","1","1","1","1","0","0","0","1","3.87077210803333","No quantified ability scenario; base panel only.","BONDS confirms block count +1, but the approved 20-second model has no confirmed conversion from block slots to continuous power; numeric contribution is zero.","0","",,,"3.444566138663685","3.444566138663685","0.430661245919345","21.8798151219188","1.07250134370846","23.466131118350595558222993048","23",,,,"2","7.74154421606666","46","0.16829443947971","1240_ltgint_2","Dedicated","5.156487879725","5.156487879725","DedicatedPanelPower","15.469463639175","69","0.2241951252054347826086956522","1240_ltgint_2","InheritedE2","5.156487879725","5.156487879725","InheritedE2PanelPower","25.782439398625","115","0.2241951252054347826086956522","E2 dedicated variant efficiency differs from E0 by +33.2160027975637956691500472%; C0 is unchanged."
"1243","残党萨克斯手","4","1243_ltswar","Physical","Staging","17500","800","650","20","4.5","2.25","0.8","1","222.22222222222222222222222222","222.222222222222","691.50","691.5","150","51.1","4.47748104252744","BaseOrdinaryCombat","OrdinaryBaseline","1","1","1","1","0","0","0","1","4.47748104252744","Approved design section 4: score only the confirmed ordinary melee physical panel.","","0","",,,"3.444566138663685","3.444566138663685","0.430661245919345","21.8798151219188","1.17041407720513","25.608443625339441246906803444","26",,,,"2","8.95496208505488","52","0.1722108093279784615384615385","1243_ltswar","InheritedE0","4.47748104252744","4.47748104252744","InheritedE0ContinuousPower","13.43244312758232","78","0.1722108093279784615384615385","1243_ltswar","InheritedE2","4.47748104252744","4.47748104252744","InheritedE2PanelPower","22.38740521263720","130","0.1722108093279784615384615385",""
"1246","黑水源石虫","1","1246_aslime","Physical","Staging","2250","280","0","0","1.7","0.85","1.0","1","16.470588235294117647058823529","16.4705882352941","6.25","7.795","150","51.1","0.129421531631534","BaseOrdinaryCombat","None","1","1","1","1","0","0","0","1","0.129421531631534","No quantified ability scenario; base panel only.","","0","",,,"0.152257338591281","0.152257338591281","0.430661245919345","5.71069212182798","0.907103788086334","5.1801904563049450360341368253","2","5","0.49","2.45","2","0.258843063263068","4","0.064710765815767","1246_aslime_2","Dedicated","0.310960146532748","0.310960146532748","DedicatedPanelPower","0.932880439598244","6","0.155480073266374","1246_aslime_2","InheritedE2","0.310960146532748","0.310960146532748","InheritedE2PanelPower","1.554800732663740","10","0.155480073266374","E2 dedicated variant efficiency differs from E0 by +140.26925242861327252223701133%; C0 is unchanged."
"1254","实验用动力装甲","4","1254_lypa","Physical","Staging","8000","700","700","20","1.3","0.65","1.2","1","615.38461538461538461538461538","590.769230769231","329.70","329.7","150","51.1","5.04094928086621","BaseOrdinaryCombat","None","1","1","1","1","0","0","0","1","5.04094928086621","No quantified ability scenario; base panel only.","","0","",,,"3.444566138663685","3.444566138663685","0.430661245919345","21.8798151219188","1.25668571936191","27.496051205994123728390832908","27",,,,"2","10.08189856173242","54","0.186701825217267037037037037","1254_lypa_2","Dedicated","5.7849254131082","5.7849254131082","DedicatedPanelPower","17.3547762393246","81","0.2142564967817851851851851852","1254_lypa_2","InheritedE2","5.7849254131082","5.7849254131082","InheritedE2PanelPower","28.9246270655410","135","0.2142564967817851851851851852","E2 dedicated variant efficiency differs from E0 by +14.75865141246073171361335136%; C0 is unchanged."
"1262","钢铁冲浪教练","4","1262_durplc","Magic","Staging","8000","400","800","10","3.0","1.50","0.75","1","213.33333333333333333333333333","213.333333333333","347.10","347.1","150","51.1","3.10814010284142","BaseOrdinaryCombat","UnblockedDamageReduction20Seconds","1","1","1","2.0000000000000000000000000001","0","0","0","1.4142135623731","4.395573887194057971708173802","BONDS: while unblocked, physical and magic damage taken is reduced 50%. Main scenario is explicitly unblocked for 20 seconds.","Actual blocked uptime is encounter dependent.","0","",,,"3.444566138663685","3.444566138663685","0.430661245919345","21.8798151219188","1.15752034752549","25.326331203716920730240710212","25",,,,"2","8.791147774388115943416347604","50","0.1758229554877623188683269521","1262_durplc_2","Dedicated","4.27373843170688","6.043978852155012313576396928","DedicatedPanelPower","18.131936556465036940729190784","75","0.2417591540862004925430558771","1262_durplc_2","InheritedE2","4.27373843170688","6.043978852155012313576396928","InheritedE2PanelPower","30.219894260775061567881984640","125","0.2417591540862004925430558771","E2 dedicated variant efficiency differs from E0 by +37.50147323796265294224934024%; C0 is unchanged."
"1264","蜜酿级醒酒助手","5","1264_durgrd","Physical","Staging","10000","1100","1500","10","3.0","1.50","0.7","1","533.33333333333333333333333333","533.333333333333","460.00","460","150","51.1","5.65746922522388","BaseOrdinaryCombat","TimedAttackSpeed20Seconds","1.7500000000000000000000000001","1.7500000000000000000000000001","1.7500000000000000000000000001","1","0","0","0","1.3228756555323","7.484128309971853645228071324","BONDS: after first damage, additive ASPD +100 for 15 seconds. Confirmed base attack speed 100 makes the active attack-rate factor 2; scenario convention: first damage occurs at time 0.","Actual first-damage time and movement-speed path effect are encounter dependent.","0","",,,"3.90137157320436","3.90137157320436","0.430661245919345","23.0852726693106","1.35","31.165118103569310","31",,,,"2","14.968256619943707290456142648","62","0.2414234938700597950073571395","1264_durgrd_2","Dedicated","7.92670928926726","10.486050747253398397232262498","DedicatedPanelPower","31.458152241760195191696787494","93","0.3382597015243031741042665322","1264_durgrd_2","InheritedE2","7.92670928926726","10.486050747253398397232262498","InheritedE2PanelPower","52.430253736266991986161312490","155","0.3382597015243031741042665322","E2 dedicated variant efficiency differs from E0 by +40.11051538603076675425935382%; C0 is unchanged."
"1274","蒸汽战车","4","1274_stmram","Physical","Staging","10000","650","800","20","3.0","1.50","0.7","1","233.33333333333333333333333333","233.333333333333","434.20","434.2","150","51.1","3.63560944164476","BaseOrdinaryCombat","ThresholdAttackSpeed20Seconds","1.5","1.5","1.5","1","0","0","0","1.22474487139159","4.4526940180372619152796315684","BONDS: first time below 50% HP, additive ASPD +100. Confirmed base attack speed 100 makes the active attack-rate factor 2; scenario convention: threshold at 10 seconds.","Actual threshold time and movement-speed path effect are encounter dependent.","0","",,,"3.444566138663685","3.444566138663685","0.430661245919345","21.8798151219188","1.16652216306245","25.523289263427221740728229060","26",,,,"2","8.905388036074523830559263137","52","0.1712574622322023813569089065","1274_stmram_2","Dedicated","4.78500593525143","5.8604114787775074621006374737","DedicatedPanelPower","17.581234436332522386301912421","78","0.2254004414914425946961783644","1274_stmram_2","InheritedE2","4.78500593525143","5.8604114787775074621006374737","InheritedE2PanelPower","29.302057393887537310503187368","130","0.2254004414914425946961783644","E2 dedicated variant efficiency differs from E0 by +31.61496062917802781245753036%; C0 is unchanged."
"1277","家族士兵","1","1277_sgman","Physical","Staging","3500","320","120","10","1.8","0.90","1.0","1","22.222222222222222222222222222","22.2222222222222","12.50","12.5","150","51.1","0.190367440144473","BaseOrdinaryCombat","None","1","1","1","1","0","0","0","1","0.190367440144473","No quantified ability scenario; base panel only.","","0","",,,"0.152257338591281","0.152257338591281","0.430661245919345","5.71069212182798","1.14342757501511","6.5297628445196602965093207778","3","7","0.49","3.43","2","0.380734880288946","6","0.063455813381491","1277_sgman_2","Dedicated","0.442373955203809","0.442373955203809","DedicatedPanelPower","1.327121865611427","9","0.1474579850679363333333333333","1277_sgman_2","InheritedE2","0.442373955203809","0.442373955203809","InheritedE2PanelPower","2.211869776019045","15","0.1474579850679363333333333333","E2 dedicated variant efficiency differs from E0 by +132.37900077244516510492828843%; C0 is unchanged."
"1279","家族恫吓者","3","1279_sgbdg","Physical","Staging","9000","500","900","10","3.0","1.50","0.5","1","133.33333333333333333333333333","133.333333333333","393.75","393.75","150","51.1","2.61711961295107","BaseOrdinaryCombat","None","1","1","1","1","0","0","0","1","2.61711961295107","No quantified ability scenario; base panel only.","","0","",,,"0.8952517621759425","0.8952517621759425","0.430661245919345","12.246874749021","1.35","16.53328091117835","17",,,,"2","5.23423922590214","34","0.1539482125265335294117647059","1279_sgbdg_2","Dedicated","3.70116605098803","3.70116605098803","DedicatedPanelPower","11.10349815296409","51","0.2177156500581194117647058824","1279_sgbdg_2","InheritedE2","3.70116605098803","3.70116605098803","InheritedE2PanelPower","18.50583025494015","85","0.2177156500581194117647058824","E2 dedicated variant efficiency differs from E0 by +41.42135623730956578204037826%; C0 is unchanged."
"1281","家族专用轿车","5","1281_sgcar","Physical","Staging","10000","900","1000","15","5.0","2.50","1.2","1","240","240","437.50","437.5","150","51.1","3.70116605098803","BaseOrdinaryCombat","ExplicitRiskOnly","1","1","1","1","0","0","0","1","3.70116605098803","No quantified ability scenario; base panel only.","BONDS confirms three 1277 successors are unloaded on defeat, but the parent death time is not confirmed; numeric contribution is zero.","0","",,,"3.90137157320436","3.90137157320436","0.430661245919345","23.0852726693106","0.968886161197263","22.367001216760439893172816888","22",,,,"2","7.40233210197606","44","0.1682348204994559090909090909","1281_sgcar_2","Dedicated","5.75834287969695","5.75834287969695","DedicatedPanelPower","17.27502863909085","66","0.2617428581680431818181818182","1281_sgcar_2","InheritedE2","5.75834287969695","5.75834287969695","InheritedE2PanelPower","28.79171439848475","110","0.2617428581680431818181818182","E2 dedicated variant efficiency differs from E0 by +55.58185718686559811161706273%; C0 is unchanged."
"1282","家族角头","3","1282_sgelder","Magic","Staging","7500","500","500","25","2.5","1.25","0.7","1","320","320","125.00","125","150","51.1","2.28440928173368","BaseOrdinaryCombat","None","1","1","1","1","0","0","0","1","2.28440928173368","No quantified ability scenario; base panel only.","","0","",,,"0.8952517621759425","0.8952517621759425","0.430661245919345","12.246874749021","1.35","16.53328091117835","17",,,,"2","4.56881856346736","34","0.1343770165725694117647058824","1282_sgelder_2","Dedicated","2.83119331330438","2.83119331330438","DedicatedPanelPower","8.49357993991314","51","0.1665407831355517647058823529","1282_sgelder_2","InheritedE2","2.83119331330438","2.83119331330438","InheritedE2PanelPower","14.15596656652190","85","0.1665407831355517647058823529","E2 dedicated variant efficiency differs from E0 by +23.93546707863730943831048927%; C0 is unchanged."
"1314","寻路密探","3","1314_wdnjd","Physical","Staging","6500","500","300","20","2.3","1.15","0.65","1","173.9130434782608695652173913","173.913043478261","44.00","44","150","51.1","0.999162983886193","BaseOrdinaryCombat","FirstStrike20Seconds","1.1470588235294117647058823529","1.1470588235294117647058823529","1.1470588235294117647058823529","1","0","0","0","1.07100832094312","1.0701118697204692294885063422","BONDS: first attack deals 200% ATK physical damage. Formula replaces exactly one baseline hit in the 20-second uninterrupted-attack sequence.","Target availability can change the number of attacks in-window.","0","",,,"0.8952517621759425","0.8952517621759425","0.430661245919345","12.246874749021","1.11298778516183","13.63062200206722544911906843","14",,,,"2","2.1402237394409384589770126844","28","0.0764365621228906592491790244","1314_wdnjd_2","Dedicated","1.47586153701492","1.5806599867028818169239113504","DedicatedPanelPower","4.7419799601086454507717340512","42","0.1129042847644915583517079536","1314_wdnjd_2","InheritedE2","1.47586153701492","1.5806599867028818169239113504","InheritedE2PanelPower","7.9032999335144090846195567520","70","0.1129042847644915583517079536","E2 dedicated variant efficiency differs from E0 by +47.70978917519867607171267646%; C0 is unchanged."
"1315","岗哨密探","3","1315_wdyjd","Physical","Staging","5500","700","150","35","3.3","1.65","0.65","1","242.42424242424242424242424242","242.424242424242","20.25","20.25","150","51.1","0.800284596238102","BaseOrdinaryCombat","None","1","1","1","1","0","0","0","1","0.800284596238102","No quantified ability scenario; base panel only.","","0","",,,"0.8952517621759425","0.8952517621759425","0.430661245919345","12.246874749021","0.934931008121615","11.449982955441354215770188915","11",,,,"2","1.600569192476204","22","0.0727531451125547272727272727","1315_wdyjd_2","Dedicated","1.05306064657981","1.05306064657981","DedicatedPanelPower","3.15918193973943","33","0.09573278605271","1315_wdyjd_2","InheritedE2","1.05306064657981","1.05306064657981","InheritedE2PanelPower","5.26530323289905","55","0.09573278605271","E2 dedicated variant efficiency differs from E0 by +31.58576980363391255154829719%; C0 is unchanged."
"1316","武装密探","5","1316_wdpjd","Physical","Staging","12000","1000","1200","0","3.5","1.75","0.35","1","400","400","525.00","525","150","51.1","5.23423922590214","BaseOrdinaryCombat","None","1","1","1","1","0","0","0","1","5.23423922590214","No quantified ability scenario; base panel only.","","0","",,,"3.90137157320436","3.90137157320436","0.430661245919345","23.0852726693106","1.19283878452521","27.537008591293506280959020226","28",,,,"2","10.46847845180428","56","0.1869371152107907142857142857","1316_wdpjd_2","Dedicated","6.80410013046595","6.80410013046595","DedicatedPanelPower","20.41230039139785","84","0.2430035760880696428571428571","1316_wdpjd_2","InheritedE2","6.80410013046595","6.80410013046595","InheritedE2PanelPower","34.02050065232975","140","0.2430035760880696428571428571","E2 dedicated variant efficiency differs from E0 by +29.99215046945506801429883153%; C0 is unchanged."
"1319","叛乱煽动者","3","1319_wdfmpm","Magic","Staging","10000","250","100","50","5.0","2.50","0.6","1","80","80","33.75","33.75","150","51.1","0.593506941186698","BaseOrdinaryCombat","None","1","1","1","1","0","0","0","1","0.593506941186698","No quantified ability scenario; base panel only.","","0","",,,"0.8952517621759425","0.8952517621759425","0.430661245919345","12.246874749021","0.781426924080096","9.570037664721677721301586016","10",,,,"2","1.187013882373396","20","0.0593506941186698","1319_wdfmpm_2","Dedicated","0.750733496507825","0.750733496507825","DedicatedPanelPower","2.252200489523475","30","0.0750733496507825","1319_wdfmpm_2","InheritedE2","0.750733496507825","0.750733496507825","InheritedE2PanelPower","3.753667482539125","50","0.0750733496507825","E2 dedicated variant efficiency differs from E0 by +26.49110640673512092266392954%; C0 is unchanged."
"1322","“灰礼帽”","5","1322_wdgyht_2","Physical","Staging","15000","1800","375","30","6.0","3.00","0.7","1","500","500","137.50","137.5","150","51.1","2.99488583440538","BaseOrdinaryCombat","ExplicitRiskOnly","1","1","1","1","0","0","0","1","2.99488583440538","No quantified ability scenario; base panel only.","BONDS confirms a 1.5-tile displacement after every third attack and one second unblockable, but route geometry and resulting target pressure are not confirmed; numeric contribution is zero.","0","",,,"3.90137157320436","3.90137157320436","0.430661245919345","23.0852726693106","0.853292196316206","19.698483018554525409749627584","20",,,,"2","5.98977166881076","40","0.149744291720269","1322_wdgyht","Dedicated","6.80030637487106","6.80030637487106","DedicatedPanelPower","20.40091912461318","60","0.340015318743553","1322_wdgyht","InheritedE2","6.80030637487106","6.80030637487106","InheritedE2PanelPower","34.00153187435530","100","0.340015318743553","E2 dedicated variant efficiency differs from E0 by +127.06396005980734552132356785%; C0 is unchanged."
"1326","特里蒙城防军","3","1326_cbagen","Physical","Staging","5800","400","150","40","1.5","0.75","1.2","1","133.33333333333333333333333333","133.333333333333","21.45","21.45","150","51.1","0.610839252424624","BaseOrdinaryCombat","None","1","1","1","1","0","0","0","1","0.610839252424624","No quantified ability scenario; base panel only.","","0","",,,"0.8952517621759425","0.8952517621759425","0.430661245919345","12.246874749021","0.795040131918401","9.736756916049789978126635421","10",,,,"2","1.221678504849248","20","0.0610839252424624","1326_cbagen_2","Dedicated","1.04435237596916","1.04435237596916","DedicatedPanelPower","3.13305712790748","30","0.104435237596916","1326_cbagen_2","InheritedE2","1.04435237596916","1.04435237596916","InheritedE2PanelPower","5.22176187984580","50","0.104435237596916","E2 dedicated variant efficiency differs from E0 by +70.9700828530220247513144027%; C0 is unchanged."
"1328","弧光锋卫","4","1328_cbjedi","Magic","Staging","10000","700","550","50","3.0","1.50","0.75","1","373.33333333333333333333333333","373.333333333333","312.50","312.5","150","51.1","3.90137157320435","BaseOrdinaryCombat","None","1","1","1","1","0","0","0","1","3.90137157320435","No quantified ability scenario; base panel only.","","0","",,,"3.444566138663685","3.444566138663685","0.430661245919345","21.8798151219188","1.07758037241749","23.577259327503089873043479812","24",,,,"2","7.80274314640870","48","0.1625571488835145833333333333","1328_cbjedi_2","Dedicated","5.54692959384855","5.54692959384855","DedicatedPanelPower","16.64078878154565","72","0.23112206641035625","1328_cbjedi_2","InheritedE2","5.54692959384855","5.54692959384855","InheritedE2PanelPower","27.73464796924275","120","0.23112206641035625","E2 dedicated variant efficiency differs from E0 by +42.17896167456406726163502319%; C0 is unchanged."
"1329","弧光镜卫","5","1329_cbshld","Physical","Staging","10000","700","3300","60","3.0","1.50","0.75","1","266.66666666666666666666666667","266.666666666667","460.00","460","150","51.1","4.00043485351001","BaseOrdinaryCombat","None","1","1","1","1","0","0","0","1","4.00043485351001","No quantified ability scenario; base panel only.","","0","",,,"3.90137157320436","3.90137157320436","0.430661245919345","23.0852726693106","1.01515867985337","23.435214927032431674506986722","23",,,,"2","8.00086970702002","46","0.1739319501526091304347826087","1329_cbshld_2","Dedicated","5.58630325738734","5.58630325738734","DedicatedPanelPower","16.75890977216202","69","0.242882750321188695652173913","1329_cbshld_2","InheritedE2","5.58630325738734","5.58630325738734","InheritedE2PanelPower","27.93151628693670","115","0.242882750321188695652173913","E2 dedicated variant efficiency differs from E0 by +39.64240043768936220513776437%; C0 is unchanged."
"1333","“交通警察”","3","1333_cbbgen","Physical","Staging","5500","600","300","40","1.5","0.75","1.2","1",,,,,,,,"NoOrdinaryAttack","PathPressure","1","1","1","1","1.3333333333333333333333333333","1.3333333333333333333333333333","1.3333333333333333333333333333","1","1.3333333333333333333333333333","BONDS: no ordinary attack and unblockable. Formula: normalized LifeDeduct * normalized move speed * 20-second survival fraction.","Route length and whether movement is interrupted by non-blocking interactions are not confirmed.","0","",,,"0.8952517621759425","0.8952517621759425","0.430661245919345","12.246874749021","1.26997780573334","15.55325912085273860735206014","16",,,,"2","2.6666666666666666666666666666","32","0.0833333333333333333333333333","1333_cbbgen_2","Dedicated",,"1.3333333333333333333333333333","InheritedE0ContinuousPowerNoPanelPower","3.9999999999999999999999999999","48","0.0833333333333333333333333333","1333_cbbgen_2","InheritedE2",,"1.3333333333333333333333333333","InheritedE0ContinuousPowerNoPanelPower","6.6666666666666666666666666665","80","0.0833333333333333333333333333","E2 has a dedicated resource but E0 has no PanelPower; E0 ContinuousPower is inherited."
"1355","护障","5","1355_mrfly","None","Staging","6000","0","80","40","2.0","1.00","1.2","1",,,,,,,,"UnattackableDrone","SupportAura20Seconds","1","1","1","1","0.264911064067352","0.794733192202056","1.324555320336760","1","0.794733192202056","BONDS: other allies within radius 2.5 gain MR +30. Design 5.2: aura sensitivity uses 1/3/5 effective targets; main uses 3.","Actual route, recipients, uptime, stacking and silence timing are not confirmed.","0","",,,"3.90137157320436","3.90137157320436","0.430661245919345","23.0852726693106","0.75","17.313954501982950","17",,,,"2","1.589466384404112","34","0.0467490113060032941176470588","1355_mrfly_2","Dedicated",,"0.794733192202056","InheritedE0ContinuousPowerNoPanelPower","2.384199576606168","51","0.0467490113060032941176470588","1355_mrfly_2","InheritedE2",,"0.794733192202056","InheritedE0ContinuousPowerNoPanelPower","3.973665961010280","85","0.0467490113060032941176470588","E2 has a dedicated resource but E0 has no PanelPower; E0 ContinuousPower is inherited."
"1371","残党乐团长笛手","2","1371_ltnflu","Physical","Staging","4000","280","150","10","2.0","1.00","0.8","1","14","14","15.00","15","150","51.1","0.165521177720474","BaseOrdinaryCombat","PeriodicAttack20Seconds","2.0714285714285714285714285714","2.0714285714285714285714285714","2.0714285714285714285714285714","1","0","0","0","1.43924583425785","0.2382256655156454566805402209","BONDS: after two attacks, the next deals 130% ATK physical damage. Formula uses floor(20/base interval) actual attacks and floor(attack count/3) enhanced attacks; an incomplete tail remains ordinary.","","0","","20","6","0.2442674251888774683402701105","0.2442674251888774683402701105","0.430661245919345","6.99999999999999","0.985085205337629","6.8955964373633931491479466237","7",,,,"2","0.4764513310312909133610804418","14","0.0340322379308064938115057458","1371_ltnflu_2","Dedicated","0.221186977601904","0.3183424361056247046425869464","DedicatedPanelPower","0.9550273083168741139277608392","21","0.0454774908722321006632267066","1371_ltnflu_2","InheritedE2","0.221186977601904","0.3183424361056247046425869464","InheritedE2PanelPower","1.5917121805281235232129347320","35","0.0454774908722321006632267066","E2 dedicated variant efficiency differs from E0 by +33.63062095621161512882664443%; C0 is unchanged."
"1372","残党乐团小号手","2","1372_ltntpt","Physical","Staging","6000","200","200","15","2.0","1.00","0.8","1","10","13.1304347826087","25.00","25","150","51.1","0.206944304460781","BaseOrdinaryCombat","PeriodicAoe20Seconds","1","1.3","1.6","1","0","0","0","1.14017542509914","0.2359528103104168308511668283","BONDS: after two attacks, the next deals 100% ATK physical damage in a cross. Formula uses floor(20/base interval) actual attacks and floor(attack count/3) splash attacks; AoE sensitivity gives each completed third hit 1/2/3 targets.","Actual cross occupancy and air-target exclusions are encounter dependent.","0","","20","6","0.2442674251888774683402701105","0.2442674251888774683402701105","0.430661245919345","6.99999999999999","0.979435316773714","6.8560472174159882056468322629","7",,,,"2","0.4719056206208336617023336566","14","0.033707544330059547264452404","1372_ltntpt_2","Dedicated","0.245732746413144","0.2801784386023856302655990962","DedicatedPanelPower","0.8405353158071568907967972886","21","0.0400254912289122328950855852","1372_ltntpt_2","InheritedE2","0.245732746413144","0.2801784386023856302655990962","InheritedE2PanelPower","1.4008921930119281513279954810","35","0.0400254912289122328950855852","E2 dedicated variant efficiency differs from E0 by +18.74342087037915181239211158%; C0 is unchanged."
"1375","残党乐团管乐家","4","1375_ltnclr","Magic","Staging","13000","500","700","60","6.0","3.00","0.8","1","133.33333333333333333333333333","133.333333333333","535.50","535.5","150","51.1","3.05205971323476","BaseOrdinaryCombat","RampAttack20Seconds","1.72","1.72","1.72","1","0","0","0","1.3114877048604","4.002738788407145982658227504","BONDS: while unblocked, every 0.25 seconds adds final ATK +30, max 30 stacks, cleared after each normal attack. Formula applies floor(attack interval/0.25), capped at 30, to every uninterrupted attack.","Actual blocked uptime and target availability are encounter dependent.","0","",,,"3.444566138663685","3.444566138663685","0.430661245919345","21.8798151219188","1.09429303004153","23.942929186513011787977287764","24",,,,"2","8.005477576814291965316455008","48","0.166780782850297749277426146","1375_ltnclr_2","Dedicated","3.59197481965323","4.710830812143363823713559092","DedicatedPanelPower","14.132492436430091471140677276","72","0.1962846171726401593213982955","1375_ltnclr_2","InheritedE2","3.59197481965323","4.710830812143363823713559092","InheritedE2PanelPower","23.554154060716819118567795460","120","0.1962846171726401593213982955","E2 dedicated variant efficiency differs from E0 by +17.69018817283344922044309277%; C0 is unchanged."
"1377","残党乐团大提琴家","4","1377_ltnclo","Physical","Staging","15000","600","900","60","4.0","2.00","0.6","1","150","150","656.25","656.25","150","51.1","3.58363861925622","BaseOrdinaryCombat","None","1","1","1","1","0","0","0","1","3.58363861925622","No quantified ability scenario; base panel only.","","0","",,,"3.444566138663685","3.444566138663685","0.430661245919345","21.8798151219188","1.0240326601087","22.40564528198506897176057356","22",,,,"2","7.16727723851244","44","0.1628926645116463636363636364","1377_ltnclo_2","Dedicated","4.61210296968754","4.61210296968754","DedicatedPanelPower","13.83630890906262","66","0.2096410440767063636363636364","1377_ltnclo_2","InheritedE2","4.61210296968754","4.61210296968754","InheritedE2PanelPower","23.06051484843770","110","0.2096410440767063636363636364","E2 dedicated variant efficiency differs from E0 by +28.69888567739502070360344216%; C0 is unchanged."
"1433","单核掠食者","2","1433_dsbasi","Physical","Staging","4300","280","0","10","1.1","0.55","1.6","1","25.454545454545454545454545455","25.4545454545455","11.55","11.55","150","51.1","0.195847298637387","BaseOrdinaryCombat","None","1","1","1","1","0","0","0","1","0.195847298637387","No quantified ability scenario; base panel only.","","0","",,,"0.2442674251888774683402701105","0.2442674251888774683402701105","0.430661245919345","6.99999999999999","0.875852993475712","6.1309709543299752414700652429","6",,,,"2","0.391694597274774","12","0.0326412164395645","1433_dsbasi_2","Dedicated","0.421787016743437","0.421787016743437","DedicatedPanelPower","1.265361050230311","18","0.0702978361239061666666666667","1433_dsbasi_2","InheritedE2","0.421787016743437","0.421787016743437","InheritedE2PanelPower","2.108935083717185","30","0.0702978361239061666666666667","E2 dedicated variant efficiency differs from E0 by +115.36524612697333136996788824%; C0 is unchanged."
"1434","微核沉积者","2","1434_dsshel","Physical","Staging","4500","400","500","10","5.0","2.50","0.5","1","40","40","75.00","75","150","51.1","0.625611247089854","BaseOrdinaryCombat","None","1","1","1","1","0","0","0","1","0.625611247089854","No quantified ability scenario; base panel only.","","0","",,,"0.2442674251888774683402701105","0.2442674251888774683402701105","0.430661245919345","6.99999999999999","1.35","9.4499999999999865","9",,,,"2","1.251222494179708","18","0.0695123607877615555555555556","1434_dsshel","InheritedE0","0.625611247089854","0.625611247089854","InheritedE0ContinuousPower","1.876833741269562","27","0.0695123607877615555555555556","1434_dsshel","InheritedE2","0.625611247089854","0.625611247089854","InheritedE2PanelPower","3.128056235449270","45","0.0695123607877615555555555556",""
"1437","蕴核饲育者","5","1437_dsfull","Physical","Staging","14500","800","1250","15","4.5","2.25","0.5","1","222.22222222222222222222222222","222.222222222222","639.75","639.75","150","51.1","4.30668205563543","BaseOrdinaryCombat","DeathRandomSummon20Seconds","1","1","1","1","0.18387643900918690","0.18387643900918690","0.18387643900918690","1","4.49055849464461690","BONDS: on death summon 1434 with 40% probability or 1433 with 60%, and grant move speed +200%. Scenario convention: death at 10 seconds; expected child PanelPower is probability weighted.","Actual death time and the summoned unit movement-speed path value are encounter dependent.","1","10",,,"3.90137157320436","3.90137157320436","0.430661245919345","23.0852726693106","1.08805243604301","25.117987164560518348128648906","25",,,,"2","8.98111698928923380","50","0.179622339785784676","1437_dsfull_2","Dedicated","4.95774710529675","5.14162354430593690","DedicatedPanelPower","15.42487063291781070","75","0.205664941772237476","1437_dsfull_2","InheritedE2","4.95774710529675","5.14162354430593690","InheritedE2PanelPower","25.70811772152968450","125","0.205664941772237476","E2 dedicated variant efficiency differs from E0 by +14.49853176253626179814825028%; C0 is unchanged."
"1502","弑君者","3","1502_crowns","Physical","Staging","6000","400","120","50","2.8","1.40","1.4","2","71.428571428571428571428571429","71.4285714285714","20.90","20.9","150","51.1","0.441319426993086","BaseOrdinaryCombat","ExplicitRiskOnly","1","1","1","1","0","0","0","1","0.441319426993086","No quantified ability scenario; base panel only.","BONDS confirms a blocked-trigger blink of 1.5 tiles with initial 15 and requirement 15, but route geometry and blocked uptime are not confirmed; numeric contribution is zero.","0","",,,"0.8952517621759425","0.8952517621759425","0.430661245919345","12.246874749021","0.75","9.18515606176575","9",,,,"2","0.882638853986172","18","0.0490354918881206666666666667","1502_crowns","InheritedE0","0.441319426993086","0.441319426993086","InheritedE0ContinuousPower","1.323958280979258","27","0.0490354918881206666666666667","1502_crowns","InheritedE2","0.441319426993086","0.441319426993086","InheritedE2PanelPower","2.206597134965430","45","0.0490354918881206666666666667",""
"2031","塑路者","6","2031_syboy","Physical","Staging","35000","800","800","50","2.8","1.40","0.5","5","357.14285714285714285714285714","357.142857142857","1517.10","815.23","150","51.1","6.16318183753336","BaseOrdinaryCombat","AttackCycleSummon20Seconds","1","1","1","1","2.4263448601342810","2.4263448601342810","2.4263448601342810","1","8.5895266976676410","BONDS: after two attacks, the next damaging attack summons one 2033. Spawn times use each third uninterrupted attack; contribution uses child PanelPower * remaining lifetime / 20.","Summons from every ten incoming hits and their shared-count condition are not counted because incoming hit timing is not confirmed.","4","4.2/8.4/12.6/16.8",,,"6.10738456206143050","6.10738456206143050","0.430661245919345","28","1.22706729254868","34.35788419136304","34",,,,"2","17.1790533953352820","68","0.2526331381666953235294117647","2031_syboy","InheritedE0","6.16318183753336","8.5895266976676410","InheritedE0ContinuousPower","25.7685800930029230","102","0.2526331381666953235294117647","2031_syboy","InheritedE2","6.16318183753336","8.5895266976676410","InheritedE2PanelPower","42.9476334883382050","170","0.2526331381666953235294117647",""
"2035","箱形恐鱼","4","2035_sybox","Physical","Staging","10000","600","500","30","1.2","0.60","0.7","0","500","500","167.50","167.5","150","51.1","3.30549365807115","BaseOrdinaryCombat","None","1","1","1","1","0","0","0","1","3.30549365807115","No quantified ability scenario; base panel only.","","0","",,,"3.444566138663685","3.444566138663685","0.430661245919345","21.8798151219188","0.975575937993003","21.345421160679424603426334156","21",,,,"2","6.61098731614230","42","0.15740445990815","2035_sybox","InheritedE0","3.30549365807115","3.30549365807115","InheritedE0ContinuousPower","9.91648097421345","63","0.15740445990815","2035_sybox","InheritedE2","3.30549365807115","3.30549365807115","InheritedE2PanelPower","16.52746829035575","105","0.15740445990815",""
"2043","染污躯壳","2","2043_smsbr","Physical","Staging","4000","400","200","0","1.5","0.75","1.0","1","133.33333333333333333333333333","133.333333333333","16.20","16.2","150","51.1","0.53084874624457","BaseOrdinaryCombat","None","1","1","1","1","0","0","0","1","0.53084874624457","No quantified ability scenario; base panel only.","","0","",,,"0.2442674251888774683402701105","0.2442674251888774683402701105","0.430661245919345","6.99999999999999","1.35","9.4499999999999865","9",,,,"2","1.06169749248914","18","0.0589831940271744444444444444","2043_smsbr","InheritedE0","0.53084874624457","0.53084874624457","InheritedE0ContinuousPower","1.59254623873371","27","0.0589831940271744444444444444","2043_smsbr","InheritedE2","0.53084874624457","0.53084874624457","InheritedE2PanelPower","2.65424373122285","45","0.0589831940271744444444444444",""
"2046","木裂战士","5","2046_smwar","Physical","Staging","20000","700","800","20","1.2","0.60","2.5","1","666.66666666666666666666666667","590.769230769231","867.10","815.23","150","51.1","7.92670928926726","BaseOrdinaryCombat","None","1","1","1","1","0","0","0","1","7.92670928926726","No quantified ability scenario; base panel only.","","0","",,,"3.90137157320436","3.90137157320436","0.430661245919345","23.0852726693106","1.35","31.165118103569310","31",,,,"2","15.85341857853452","62","0.2557002996537825806451612903","2046_smwar","InheritedE0","7.92670928926726","7.92670928926726","InheritedE0ContinuousPower","23.78012786780178","93","0.2557002996537825806451612903","2046_smwar","InheritedE2","7.92670928926726","7.92670928926726","InheritedE2PanelPower","39.63354644633630","155","0.2557002996537825806451612903",""
"5503","果冻小子","6","5503_arcslma","Physical","Staging","18000","1100","0","0","4.0","2.00","0.2","1","400","400","44.25","44.25","150","51.1","1.5196044392089","BaseOrdinaryCombat","ScheduledSummon20Seconds","1","1","1","1","0.499657416883383375","0.499657416883383375","0.499657416883383375","1","2.019261856092283375","BONDS: initial SP 5, cost 15, summon three 5504. SPEC: automatic skills recover 2 SP/s. The exporter derives casts at 5, 12.5 and the 20-second endpoint; endpoint children have zero remaining-window contribution.","Actual battle termination and spawn survival can reduce contribution.","3","5/12.5/20",,,"6.10738456206143050","6.10738456206143050","0.430661245919345","28","0.75","21.00","21",,,,"2","4.038523712184566750","42","0.096155326480584922619047619","5503_arcslma","InheritedE0","1.5196044392089","2.019261856092283375","InheritedE0ContinuousPower","6.057785568276850125","63","0.096155326480584922619047619","5503_arcslma","InheritedE2","1.5196044392089","2.019261856092283375","InheritedE2PanelPower","10.096309280461416875","105","0.096155326480584922619047619",""
"7002","矿脉守卫","4","7002_veingd","Magic","Staging","25000","400","300","10","4.0","2.00","0.6","1","160","160","168.00","168","150","51.1","1.87265835513809","BaseOrdinaryCombat","Counter20Seconds","2","2","2","1","0","0","0","1.4142135623731","2.648338843527588093078601379","BONDS: each received hit deals 200 source-less magic damage to its source. Scenario convention: one incoming hit per second for 20 seconds; formal magic damage is applied to the defender sample.","Actual incoming hit rate and attacker targetability are encounter dependent.","0","",,,"3.444566138663685","3.444566138663685","0.430661245919345","21.8798151219188","0.854089560343657","18.687321677880125873081249052","19",,,,"2","5.296677687055176186157202758","38","0.1393862549225046364778211252","7002_veingd_2","Dedicated","2.63945674301337","3.732755523266637912142228347","DedicatedPanelPower","11.198266569799913736426685041","57","0.1964608170140335743232751762","7002_veingd_2","InheritedE2","2.63945674301337","3.732755523266637912142228347","InheritedE2PanelPower","18.663777616333189560711141735","95","0.1964608170140335743232751762","E2 dedicated variant efficiency differs from E0 by +40.94705186193646176768062644%; C0 is unchanged."
"10001","简饲源石虫","2","10001_trslim","Physical","Staging","4500","200","50","0","1.7","0.85","1.0","0","11.764705882352941176470588235","13.1304347826087","13.00","13","150","51.1","0.149229660179715","BaseOrdinaryCombat","ExplicitRiskOnly","1","1","1","1","0","0","0","1","0.149229660179715","No quantified ability scenario; base panel only.","Unblockable and move speed +150% last 1.5 seconds after the first below-50% trigger; route length and trigger time are not confirmed, so numeric contribution is zero.","0","",,,"0.2442674251888774683402701105","0.2442674251888774683402701105","0.430661245919345","6.99999999999999","0.75","5.2499999999999925","5",,,,"2","0.298459320359430","10","0.029845932035943","10001_trslim_2","Dedicated","0.16057912918074","0.16057912918074","DedicatedPanelPower","0.48173738754222","15","0.032115825836148","10001_trslim_2","InheritedE2","0.16057912918074","0.16057912918074","InheritedE2PanelPower","0.80289564590370","25","0.032115825836148","E2 dedicated variant efficiency differs from E0 by +7.60537080052116172203528053%; C0 is unchanged."
"10004","浆果磐蟹","5","10004_trdiam","Physical","Staging","5000","550","4000","90","2.3","1.15","0.75","1","217.39130434782608695652173913","217.391304347826","233.80","233.8","150","51.1","2.57505943810771","BaseOrdinaryCombat","ThresholdHeal20Seconds","1","1","1","1.5","0","0","0","1.22474487139159","3.1537908403509272934240081589","BONDS: first time below 50% HP, heal to 100%. The effective-HP budget adds 50% max HP without claiming a trigger time.","Actual trigger time, overkill and healing prevention are not confirmed.","0","",,,"3.90137157320436","3.90137157320436","0.430661245919345","23.0852726693106","0.880175637242524","20.319094582627880374704083954","20",,,,"2","6.3075816807018545868480163178","40","0.1576895420175463646712004079","10004_trdiam_2","Dedicated","3.33432583993068","4.0836984720035559812007349812","DedicatedPanelPower","12.251095416010667943602204944","60","0.2041849236001777990600367491","10004_trdiam_2","InheritedE2","3.33432583993068","4.0836984720035559812007349812","InheritedE2PanelPower","20.418492360017779906003674906","100","0.2041849236001777990600367491","E2 dedicated variant efficiency differs from E0 by +29.48539325293862529192849677%; C0 is unchanged."
"10005","染污战士","2","10005_trsmsb","Physical","Staging","4000","350","300","0","1.5","0.75","0.8","1","66.666666666666666666666666667","66.6666666666667","25.90","25.9","150","51.1","0.474622336445161","BaseOrdinaryCombat","None","1","1","1","1","0","0","0","1","0.474622336445161","No quantified ability scenario; base panel only.","","0","",,,"0.2442674251888774683402701105","0.2442674251888774683402701105","0.430661245919345","6.99999999999999","1.35","9.4499999999999865","9",,,,"2","0.949244672890322","18","0.0527358151605734444444444444","10005_trsmsb_2","Dedicated","0.878829797763881","0.878829797763881","DedicatedPanelPower","2.636489393291643","27","0.0976477553070978888888888889","10005_trsmsb_2","InheritedE2","0.878829797763881","0.878829797763881","InheritedE2PanelPower","4.394148988819405","45","0.0976477553070978888888888889","E2 dedicated variant efficiency differs from E0 by +85.16401995451031557231691998%; C0 is unchanged."
"10006","染秽魔像","5","10006_trsmgi","Physical","Staging","30000","1300","50","0","6.0","3.00","0.6","1","333.33333333333333333333333333","333.333333333333","84.00","84","150","51.1","1.91127393026999","BaseOrdinaryCombat","ThresholdSummon20Seconds","1","1","1","1","0.0","0.0","0.0","1","1.91127393026999","BONDS: first time below 50% HP, summon one 10002 in each of four adjacent non-home tiles. Scenario convention: trigger at 10 seconds. Child has no ordinary attack or movement, so no fabricated DPS/path contribution is added.","Child distraction value, tile availability and parent movement-speed path value are not quantified.","1","10",,,"3.90137157320436","3.90137157320436","0.430661245919345","23.0852726693106","0.75","17.313954501982950","17",,,,"2","3.82254786053998","34","0.1124278782511758823529411765","10006_trsmgi_2","Dedicated","2.56424305902413","2.56424305902413","DedicatedPanelPower","7.69272917707239","51","0.1508378270014194117647058824","10006_trsmgi_2","InheritedE2","2.56424305902413","2.56424305902413","InheritedE2PanelPower","12.82121529512065","85","0.1508378270014194117647058824","E2 dedicated variant efficiency differs from E0 by +34.16407864998715302169687867%; C0 is unchanged."
"10031","业余竞演者","2","10031_cnvsld","Physical","Staging","4000","300","100","0","2.0","1.00","1.5","1","15","15","12.65","12.65","150","51.1","0.157338430158359","BaseOrdinaryCombat","OrdinaryBaseline","1","1","1","1","0","0","0","1","0.157338430158359","Approved design section 4: score only the confirmed ordinary physical panel.","","0","",,,"0.2442674251888774683402701105","0.2442674251888774683402701105","0.430661245919345","6.99999999999999","0.768035960691008","5.3762517248370483196403930899","5",,,,"2","0.314676860316718","10","0.0314676860316718","10031_cnvsld_2","Dedicated","0.325578415487639","0.325578415487639","DedicatedPanelPower","0.976735246462917","15","0.0651156830975278","10031_cnvsld_2","InheritedE2","0.325578415487639","0.325578415487639","InheritedE2PanelPower","1.627892077438195","25","0.0651156830975278","E2 dedicated variant efficiency differs from E0 by +106.92873010106223400046565665%; C0 is unchanged."
"10038","“方便快餐”","6","10038_cnvpiz","Physical","Staging","15000","650","700","20","5.0","2.50","1.5","1","140","140","618.10","618.1","150","51.1","3.35998477926537","BaseOrdinaryCombat","DamageReduction20Seconds","1","1","1","10","0","0","0","3.16227766016838","10.625204805976664999766903001","BONDS: physical and magic damage taken -90%, so both expected incoming multipliers are 0.10.","Collision entry count, collision target count and block-count value are not quantified.","0","",,,"6.10738456206143050","6.10738456206143050","0.430661245919345","28","1.35","37.80","38",,,,"2","21.250409611953329999533806002","76","0.2796106527888596052570237632","10038_cnvpiz_2","Dedicated","4.16047942442886","13.156591139461583762752931447","DedicatedPanelPower","39.469773418384751288258794341","114","0.3462260826174100990198139854","10038_cnvpiz_2","InheritedE2","4.16047942442886","13.156591139461583762752931447","InheritedE2PanelPower","65.782955697307918813764657235","190","0.3462260826174100990198139854","E2 dedicated variant efficiency differs from E0 by +23.82435331562754420460781454%; C0 is unchanged."
"10039","“开怀畅饮”","6","10039_cnvber","Physical","Staging","22000","900","900","20","5.0","2.50","1.2","1","240","240","962.50","815.23","150","51.1","5.05230566806887","BaseOrdinaryCombat","DamageReduction20Seconds","1","1","1","10","0","0","0","3.16227766016838","15.976793346476270170833636331","Approved design section 4: quantify only physical and magic damage taken -90%, giving multipliers 0.10 and 0.10.","charge time unknown | range damage multiplier/radius unknown | block change unknown","0","",,,"6.10738456206143050","6.10738456206143050","0.430661245919345","28","1.35","37.80","38",,,,"2","31.953586692952540341667272662","76","0.4204419301704281623903588508","10039_cnvber","InheritedE0","5.05230566806887","15.976793346476270170833636331","InheritedE0ContinuousPower","47.930380039428810512500908993","114","0.4204419301704281623903588508","10039_cnvber","InheritedE2","5.05230566806887","15.976793346476270170833636331","InheritedE2PanelPower","79.88396673238135085416818166","190","0.4204419301704281623903588508",""
"10073","迷茫的修理小助手","1","10073_mpcar","Physical","Staging","2000","300","200","25","2.0","1.00","1.9","1","15","15","9.00","9","150","51.1","0.132712186561143","BaseOrdinaryCombat","None","1","1","1","1","0","0","0","1","0.132712186561143","No quantified ability scenario; base panel only.","","0","",,,"0.152257338591281","0.152257338591281","0.430661245919345","5.71069212182798","0.920872581504004","5.2588197964023100527861692319","2","5","0.49","2.45","2","0.265424373122286","4","0.0663560932805715","10073_mpcar_2","Dedicated","0.300684151401615","0.300684151401615","DedicatedPanelPower","0.902052454204845","6","0.1503420757008075","10073_mpcar_2","InheritedE2","0.300684151401615","0.300684151401615","InheritedE2PanelPower","1.503420757008075","10","0.1503420757008075","E2 dedicated variant efficiency differs from E0 by +126.56860623955144999962083883%; C0 is unchanged."
"10077","内测版自助出餐终端","4","10077_mpbarr","Physical","Staging","6000","800","1000","40","2.0","1.00","0.6","1","500","500","262.50","262.5","150","51.1","4.13802944301184","BaseOrdinaryCombat","ScheduledSummon20Seconds","1","1","1","1","0.544119964900686300","0.544119964900686300","0.544119964900686300","1","4.682149407912526300","Approved design section 4 and SPEC: 2 SP/s, initial 3 SP, cost 5. The exporter derives first cast (5-3)/2=1 and then every 5/2=2.5 seconds through 18.5; contribution is 10073 PanelPower * remaining lifetime / 20.","Actual battle termination and summoned-entity deaths can reduce contribution.","8","1/3.5/6/8.5/11/13.5/16/18.5",,,"3.444566138663685","3.444566138663685","0.430661245919345","21.8798151219188","1.20222690785532","26.304502478470510299231188016","26",,,,"2","9.364298815825052600","52","0.1800826695350971653846153846","10077_mpbarr_2","Dedicated","5.21787822767607","5.761998192576756300","DedicatedPanelPower","17.285994577730268900","78","0.2216153150991060115384615385","10077_mpbarr_2","InheritedE2","5.21787822767607","5.761998192576756300","InheritedE2PanelPower","28.809990962883781500","130","0.2216153150991060115384615385","E2 dedicated variant efficiency differs from E0 by +23.06309967040684718398445169%; C0 is unchanged."
"10078","固化源石巨像","5","10078_mprein","Physical","Staging","15000","1500","2500","80","7.0","3.50","0.3","1","342.85714285714285714285714286","342.857142857143","693.00","693","150","51.1","5.56758862101337","BaseOrdinaryCombat","Aoe20Seconds","1","2","3.0000000000000000000000000001","1","0","0","0","1.4142135623731","7.873759337551253351824028347","BONDS: every attack deals 100% ATK physical splash in radius 1.5. AoE sensitivity is 1/2/3 targets; main uses 2.","Actual target occupancy is encounter dependent.","0","",,,"3.90137157320436","3.90137157320436","0.430661245919345","23.0852726693106","1.35","31.165118103569310","31",,,,"2","15.747518675102506703648056694","62","0.2539922366952017210265815596","10078_mprein_2","Dedicated","5.75717757706846","8.141878610480519288458762426","DedicatedPanelPower","24.425635831441557865376287278","93","0.2626412454993715899502826589","10078_mprein_2","InheritedE2","5.75717757706846","8.141878610480519288458762426","InheritedE2PanelPower","40.709393052402596442293812130","155","0.2626412454993715899502826589","E2 dedicated variant efficiency differs from E0 by +3.40522565441594111142940688%; C0 is unchanged."
"10126","异质源石虫","4","10126_rkbomb","Physical","Staging","4500","300","100","20","2.0","1.00","0.5","1","15","15","15.00","15","150","51.1","0.171330696130026","BaseOrdinaryCombat","DamageReductionCounter20Seconds","11.666666666666666666666666667","11.666666666666666666666666667","11.666666666666666666666666667","2","0","0","0","4.83045891539648","0.8276058886023692852834227085","BONDS: physical/magic damage taken -50%; each enemy hit returns 200 source-less magic damage. Counter convention is one incoming hit per second.","Actual incoming hit rate and attacker targetability are encounter dependent.","0","",,,"3.444566138663685","3.444566138663685","0.430661245919345","21.8798151219188","0.75","16.409861341439100","16",,,,"2","1.6552117772047385705668454170","32","0.0517253680376480803302139193","10126_rkbomb_2","Dedicated","0.508248979773018","2.4550758155857400300558761766","DedicatedPanelPower","7.3652274467572200901676285298","48","0.153442238474108751878492261","10126_rkbomb_2","InheritedE2","0.508248979773018","2.4550758155857400300558761766","InheritedE2PanelPower","12.275379077928700150279380883","80","0.153442238474108751878492261","E2 dedicated variant efficiency differs from E0 by +196.64793948382638345598030275%; C0 is unchanged."
"10127","异质裂兽","5","10127_rkmbst","Physical","Staging","20000","1000","100","20","3.0","1.50","0.5","1","466.66666666666666666666666667","466.666666666667","62.50","62.5","150","51.1","1.95068578660218","BaseOrdinaryCombat","AttackSpeedDamageReduction20Seconds","1.9999999999999999999999999999","1.9999999999999999999999999999","1.9999999999999999999999999999","2","0","0","0","2","3.90137157320436","BONDS: additive ASPD +100 and physical/magic damage taken -50% for the full window. Confirmed base attack speed 100 makes the attack-rate factor 2.","","0","",,,"3.90137157320436","3.90137157320436","0.430661245919345","23.0852726693106","1","23.0852726693106","23",,,,"2","7.80274314640872","46","0.1696248510088852173913043478","10127_rkmbst_2","Dedicated","2.59690989264478","5.19381978528956","DedicatedPanelPower","15.58145935586868","69","0.225818251534328695652173913","10127_rkmbst_2","InheritedE2","2.59690989264478","5.19381978528956","InheritedE2PanelPower","25.96909892644780","115","0.225818251534328695652173913","E2 dedicated variant efficiency differs from E0 by +33.12804709405462013291267651%; C0 is unchanged."
